trial,endState,user,redirector,resetCount,virtualDistance,gtChangeMax,gcChangeMax,gtChangeAvg,gcChangeAvg
0,Normal,0,None,10,99.96942,0,0,0,0
1,Normal,0,None,10,99.98357,0,0,0,0
2,Normal,0,None,10,99.96861,0,0,0,0
3,Normal,0,None,10,99.9759,0,0,0,0
4,Normal,0,None,10,99.97906,0,0,0,0
5,Normal,0,None,10,99.97667,0,0,0,0
6,Normal,0,None,11,99.97478,0,0,0,0
7,Normal,0,None,10,99.98213,0,0,0,0
8,Normal,0,None,10,99.97956,0,0,0,0
9,Normal,0,None,11,99.97944,0,0,0,0
10,Normal,0,None,10,99.96699,0,0,0,0
11,Normal,0,None,10,99.96839,0,0,0,0
12,Normal,0,None,10,99.9733,0,0,0,0
13,Normal,0,None,11,99.97014,0,0,0,0
14,Normal,0,None,10,99.97041,0,0,0,0
15,Normal,0,None,10,99.98422,0,0,0,0
16,Normal,0,None,10,99.97487,0,0,0,0
17,Normal,0,None,10,99.97823,0,0,0,0
18,Normal,0,None,10,99.97023,0,0,0,0
19,Normal,0,None,10,99.98043,0,0,0,0
20,Normal,0,None,11,99.97716,0,0,0,0
21,Normal,0,None,10,99.98211,0,0,0,0
22,Normal,0,None,10,99.96835,0,0,0,0
23,Normal,0,None,11,99.98155,0,0,0,0
24,Normal,0,None,11,99.96478,0,0,0,0
25,Normal,0,None,10,99.97492,0,0,0,0
26,Normal,0,None,10,99.97542,0,0,0,0
27,Normal,0,None,10,99.97357,0,0,0,0
28,Normal,0,None,10,99.97949,0,0,0,0
29,Normal,0,None,11,99.97053,0,0,0,0
30,Normal,0,S2C,0,99.97795,0,5,0,0.005347594
31,Normal,0,S2C,0,99.9836,0,5.714286,0,0.07762843
32,Normal,0,S2C,0,99.98233,0,6.666667,0,0.02503577
33,Normal,0,S2C,1,99.98258,0,10,0,0.06362671
34,Normal,0,S2C,0,99.98358,0,10,0,0.01074114
35,Normal,0,S2C,0,99.97345,0,10,0,0.04390042
36,Normal,0,S2C,0,99.98022,0,10,0,0.07086775
37,Normal,0,S2C,0,99.96947,0,6.666667,0,0.06810091
38,Normal,0,S2C,0,99.97861,0,5,0,0.04091862
39,Normal,0,S2C,0,99.97242,0,10,0,0.01072961
40,Normal,0,S2C,1,99.98113,0,10,0,0.0613466
41,Normal,0,S2C,1,99.97556,0,5.714286,0,0.0765759
42,Normal,0,S2C,0,99.97018,0,5.714286,0,0.06199853
43,Normal,0,S2C,1,99.97575,0,10,0,0.09694594
44,Normal,0,S2C,0,99.97058,0,5.714286,0,0.03563681
45,Normal,0,S2C,1,99.98289,0,10,0,0.03616637
46,Normal,0,S2C,0,99.98406,0,10,0,0.08379316
47,Normal,0,S2C,1,99.98504,0,5.714286,0,0.1175214
48,Normal,0,S2C,0,99.98299,0,10,0,0.01070664
49,Normal,0,S2C,1,99.97958,0,10,0,0.08909695
50,Normal,0,S2C,0,99.98645,0,0,0,0
51,Normal,0,S2C,0,99.98274,0,0,0,0
52,Normal,0,S2C,0,99.98402,0,5.714286,0,0.07658643
53,Normal,0,S2C,0,99.97046,0,10,0,0.01084599
54,Normal,0,S2C,0,99.98566,0,5.714286,0,0.04845264
55,Normal,0,S2C,0,99.97674,0,5.714286,0,0.05222067
56,Normal,0,S2C,0,99.97625,0,5.714286,0,0.05695813
57,Normal,0,S2C,0,99.97891,0,0,0,0
58,Normal,0,S2C,0,99.98461,0,5.714286,0,0.07658643
59,Normal,0,S2C,1,99.98116,0,10,0,0.05776572
60,Normal,0,ThomasAPF,1,99.979,2.600001,6,0.04428226,0.06198585
61,Normal,0,ThomasAPF,0,99.9762,2.600001,10,0.0480888,0.06576243
62,Normal,0,ThomasAPF,0,99.97068,2.600001,3.333333,0.04527365,0.0533049
63,Normal,0,ThomasAPF,0,99.9946,2.600001,10,0.04625514,0.03380181
64,Normal,0,ThomasAPF,0,99.97245,2.600001,10,0.04499385,0.03943727
65,Normal,0,ThomasAPF,1,99.99387,2.600001,6.666667,0.04375003,0.06925365
66,Normal,0,ThomasAPF,0,99.98531,2.228572,10,0.04738763,0.06075333
67,Normal,0,ThomasAPF,0,99.96915,2.600001,0,0.04567129,0
68,Normal,0,ThomasAPF,0,99.98103,2.600001,0,0.0446626,0
69,Normal,0,ThomasAPF,0,99.98315,2.600001,10,0.04832716,0.06077771
70,Normal,0,ThomasAPF,0,99.97762,2.600001,6.666667,0.04533003,0.1701951
71,Normal,0,ThomasAPF,1,99.98458,2.600001,6,0.04715843,0.0663327
72,Normal,0,ThomasAPF,0,99.98762,2.600001,5.714286,0.04550003,0.03214286
73,Normal,0,ThomasAPF,0,99.98151,2.228572,10,0.0480888,0.220774
74,Normal,0,ThomasAPF,0,99.97903,2.600001,10,0.04422845,0.06422494
75,Normal,0,ThomasAPF,0,99.97752,2.600001,10,0.04482761,0.01935257
76,Normal,0,ThomasAPF,0,99.97974,2.600001,10,0.04721552,0.07840425
77,Normal,0,ThomasAPF,1,99.9837,2.600001,5,0.0464286,0.07879817
78,Normal,0,ThomasAPF,0,99.9905,2.228572,10,0.0506083,0.01216545
79,Normal,0,ThomasAPF,0,99.98076,2.600001,5,0.04424964,0.0573033
80,Normal,0,ThomasAPF,0,99.99782,2.600001,4.285714,0.04601772,0.01264222
81,Normal,0,ThomasAPF,0,99.98585,2.228572,10,0.04838712,0.01240695
82,Normal,0,ThomasAPF,0,99.97942,2.600001,6.666667,0.05091802,0.0477939
83,Normal,0,ThomasAPF,0,99.98281,2.600001,10,0.04814817,0.05114638
84,Normal,0,ThomasAPF,0,99.9811,2.600001,10,0.04698797,0.03786574
85,Normal,0,ThomasAPF,0,99.98468,2.600001,0,0.06136649,0
86,Normal,0,ThomasAPF,0,99.98809,2.600001,5,0.04516132,0.02067825
87,Normal,0,ThomasAPF,0,99.98105,2.600001,3.333333,0.04721553,0.05534417
88,Normal,0,ThomasAPF,0,99.99096,2.228572,0,0.04466259,0
89,Normal,0,ThomasAPF,1,99.9914,2.600001,10,0.04721552,0.09973478
90,Normal,0,PredRedLPP,0,99.96957,1.166666,10,0.003027025,0.04756757
91,Normal,0,PredRedLPP,0,99.97577,0,0,0,0
92,Normal,0,PredRedLPP,0,99.97469,0,10,0,0.01082251
93,Normal,0,PredRedLPP,0,99.97131,0,10,0,0.04978355
94,Normal,0,PredRedLPP,1,99.97263,2.6,8.333334,0.005445029,0.03979057
95,Normal,0,PredRedLPP,0,99.97371,0,2,0,0.008658011
96,Normal,0,PredRedLPP,1,99.98529,2.6,6.666666,0.007257203,0.03344006
97,Normal,0,PredRedLPP,0,99.97985,0,0,0,0
98,Normal,0,PredRedLPP,0,99.97166,0,0,0,0
99,Normal,0,PredRedLPP,0,99.98347,0,0,0,0
100,Normal,0,PredRedLPP,0,99.96954,0.3999996,8.571428,0.0008565303,0.0235546
101,Normal,0,PredRedLPP,0,99.97336,0,0,0,0
102,Normal,0,PredRedLPP,0,99.98344,0,1.714286,0,0.008565312
103,Normal,0,PredRedLPP,0,99.98162,0,8.333334,0,0.03000938
104,Normal,0,PredRedLPP,0,99.9771,0,2,0,0.01750547
105,Normal,0,PredRedLPP,0,99.97622,0,6,0,0.02141328
106,Normal,0,PredRedLPP,0,99.96954,0,10,0,0.01082251
107,Normal,0,PredRedLPP,0,99.9761,0,1.428571,0,0.004376368
108,Normal,0,PredRedLPP,0,99.97962,0.9999996,4.166667,0.002164501,0.009018759
109,Normal,0,PredRedLPP,0,99.97182,0,10,0,0.02380952
110,Normal,0,PredRedLPP,1,99.9742,2.6,10,0.008959436,0.04021164
111,Normal,0,PredRedLPP,1,99.97041,2.6,10,0.005445029,0.03490402
112,Normal,0,PredRedLPP,0,99.97453,0,2,0,0.01750547
113,Normal,0,PredRedLPP,0,99.97626,0,10,0,0.01070664
114,Normal,0,PredRedLPP,0,99.97033,0,0,0,0
115,Normal,0,PredRedLPP,1,99.97747,2.6,10,0.02004175,0.05149617
116,Normal,0,PredRedLPP,0,99.98267,2.166667,10,0.002810812,0.02810811
117,Normal,0,PredRedLPP,0,99.98193,0,10,0,0.01082251
118,Normal,0,PredRedLPP,0,99.96834,0,10,0,0.04906204
119,Normal,0,PredRedLPP,0,99.9715,1.166666,5,0.003030301,0.03174603
120,Normal,0,None,10,100.0002,0,5,0,0.004321521
120,Normal,1,None,11,99.97422,0,10,0,0.008643042
121,Normal,0,None,11,99.98317,0,0,0,0
121,Normal,1,None,11,100.0029,0,0,0,0
122,Normal,0,None,10,100,0,0,0,0
122,Normal,1,None,10,99.9675,0,0,0,0
123,Normal,0,None,10,100.0028,0,0,0,0
123,Normal,1,None,10,99.98085,0,0,0,0
124,Normal,0,None,11,100.0009,0,0,0,0
124,Normal,1,None,12,99.97369,0,0,0,0
125,Normal,0,None,10,100.001,0,0,0,0
125,Normal,1,None,12,99.97396,0,0,0,0
126,Normal,0,None,10,99.99972,0,0,0,0
126,Normal,1,None,11,99.97282,0,0,0,0
127,Normal,0,None,10,100.0004,0,0,0,0
127,Normal,1,None,11,99.97659,0,0,0,0
128,Normal,0,None,10,100.0005,0,0,0,0
128,Normal,1,None,10,99.97752,0,0,0,0
129,Normal,0,None,10,100.0032,0,0,0,0
129,Normal,1,None,10,99.97995,0,0,0,0
130,Normal,0,None,10,99.99506,0,0,0,0
130,Normal,1,None,10,99.96765,0,0,0,0
131,Normal,0,None,11,99.9835,0,0,0,0
131,Normal,1,None,11,99.99617,0,0,0,0
132,Normal,0,None,10,99.97295,0,0,0,0
132,Normal,1,None,10,100.0013,0,0,0,0
133,Normal,0,None,10,100.0006,0,0,0,0
133,Normal,1,None,11,99.97398,0,0,0,0
134,Normal,0,None,10,99.96615,0,0,0,0
134,Normal,1,None,10,99.99967,0,0,0,0
135,Normal,0,None,11,99.97581,0,0,0,0
135,Normal,1,None,11,99.99985,0,0,0,0
136,Normal,0,None,10,99.99913,0,0,0,0
136,Normal,1,None,10,99.96857,0,0,0,0
137,Normal,0,None,11,99.98078,0,0,0,0
137,Normal,1,None,11,99.99982,0,0,0,0
138,Normal,0,None,10,99.99978,0,0,0,0
138,Normal,1,None,11,99.98244,0,0,0,0
139,Normal,0,None,11,99.97433,0,0,0,0
139,Normal,1,None,10,100.0002,0,0,0,0
140,Normal,0,None,10,99.99897,0,0,0,0
140,Normal,1,None,10,99.98376,0,0,0,0
141,Normal,0,None,10,99.99848,0,0,0,0
141,Normal,1,None,11,99.96786,0,0,0,0
142,Normal,0,None,10,99.97115,0,0,0,0
142,Normal,1,None,10,100.0007,0,0,0,0
143,Normal,0,None,11,99.96927,0,0,0,0
143,Normal,1,None,10,100.0006,0,0,0,0
144,Normal,0,None,10,99.97237,0,0,0,0
144,Normal,1,None,10,99.99972,0,0,0,0
145,Normal,0,None,12,99.97559,0,0,0,0
145,Normal,1,None,10,99.99984,0,0,0,0
146,Normal,0,None,10,100.0014,0,0,0,0
146,Normal,1,None,10,99.96983,0,0,0,0
147,Normal,0,None,11,99.99966,0,0,0,0
147,Normal,1,None,12,99.97584,0,0,0,0
148,Normal,0,None,11,99.97444,0,0,0,0
148,Normal,1,None,10,100.0026,0,0,0,0
149,Normal,0,None,12,99.99987,0,0,0,0
149,Normal,1,None,12,99.97876,0,0,0,0
150,Normal,0,S2C,0,100.0021,0,6.666667,0,0.06511791
150,Normal,1,S2C,1,99.97758,0,10,0,0.01583949
151,Normal,0,S2C,1,99.98219,0,10,0,0.07471607
151,Normal,1,S2C,0,100.003,0,10,0,0.05230125
152,Normal,0,S2C,1,99.97215,0,10,0,0.08146024
152,Normal,1,S2C,0,100.0011,0,0,0,0
153,Normal,0,S2C,1,99.9798,0,10,0,0.09733452
153,Normal,1,S2C,0,100.0038,0,5.714286,0,0.06788459
154,Normal,0,S2C,1,99.97002,0,10,0,0.09674186
154,Normal,1,S2C,0,100.0035,0,5.714286,0,0.0726817
155,Normal,0,S2C,0,100.0027,0,5.714286,0,0.07341269
155,Normal,1,S2C,1,99.98592,0,10,0,0.06547618
156,Normal,0,S2C,0,99.97932,0,10,0,0.07028265
156,Normal,1,S2C,0,100.0054,0,5.714286,0,0.06162465
157,Normal,0,S2C,2,100.0019,0,10,0,0.1132853
157,Normal,1,S2C,2,99.97933,0,10,0,0.05149331
158,Normal,0,S2C,1,99.98358,0,10,0,0.08884148
158,Normal,1,S2C,0,100.0035,0,0,0,0
159,Normal,0,S2C,16,100.0043,0,10,0,0.12749
159,Normal,1,S2C,16,99.97739,0,10,0,0.1354582
160,Normal,0,S2C,0,99.98561,0,10,0,0.04860141
160,Normal,1,S2C,0,100.0056,0,0,0,0
161,Normal,0,S2C,0,99.97062,0,5.714286,0,0.02468374
161,Normal,1,S2C,0,100.0052,0,10,0,0.05605266
162,Normal,0,S2C,0,100.0053,0,5.714286,0,0.01835424
162,Normal,1,S2C,0,99.96877,0,0,0,0
163,Normal,0,S2C,0,99.98132,0,10,0,0.01075269
163,Normal,1,S2C,0,100.0062,0,6.666667,0,0.07322068
164,Normal,0,S2C,0,99.98136,0,10,0,0.01075269
164,Normal,1,S2C,0,100.0026,0,8.333334,0,0.1541219
165,Normal,0,S2C,0,100.0019,0,5.714286,0,0.05123569
165,Normal,1,S2C,1,99.97531,0,10,0,0.04520795
166,Normal,0,S2C,0,100.0016,0,10,0,0.04961383
166,Normal,1,S2C,0,99.97633,0,10,0,0.1074114
167,Normal,0,S2C,1,99.98534,0,10,0,0.06479806
167,Normal,1,S2C,0,100.0013,0,4.285714,0,0.04118947
168,Normal,0,S2C,0,100.0018,0,10,0,0.07067668
168,Normal,1,S2C,1,99.98071,0,10,0,0.06766916
169,Normal,0,S2C,2,99.98415,0,10,0,0.101245
169,Normal,1,S2C,1,100.003,0,10,0,0.06733517
170,Normal,0,S2C,0,100.0046,0,5,0,0.07052821
170,Normal,1,S2C,1,99.97662,0,10,0,0.06752699
171,Normal,0,S2C,0,99.97607,0,10,0,0.09941877
171,Normal,1,S2C,0,100.0033,0,7.142858,0,0.0703579
172,Normal,0,S2C,0,100.0042,0,0,0,0
172,Normal,1,S2C,0,99.98125,0,5.714286,0,0.02947107
173,Normal,0,S2C,0,100.0006,0,10,0,0.01081081
173,Normal,1,S2C,0,99.97864,0,6.666667,0,0.1467182
174,Normal,0,S2C,1,99.97823,0,10,0,0.06027726
174,Normal,1,S2C,0,100.001,0,10,0,0.01054852
175,Normal,0,S2C,0,100.0003,0,4.285714,0,0.01240887
175,Normal,1,S2C,0,99.97422,0,0,0,0
176,Normal,0,S2C,1,99.98203,0,10,0,0.02116402
176,Normal,1,S2C,0,100.0035,0,5,0,0.0670194
177,Normal,0,S2C,0,99.96986,0,5.714286,0,0.06023167
177,Normal,1,S2C,0,100.0023,0,5.714286,0,0.06486487
178,Normal,0,S2C,0,99.97961,0,6.666667,0,0.07001287
178,Normal,1,S2C,0,100.0028,0,0,0,0
179,Normal,0,S2C,0,99.97432,0,10,0,0.01085776
179,Normal,1,S2C,0,100.0068,0,5.714286,0,0.04705031
180,Normal,0,ThomasAPF,1,100.0039,2.600001,8.571428,0.0719823,0.1108475
180,Normal,1,ThomasAPF,4,99.99586,2.600001,10,0.06005381,0.1899489
181,Normal,0,ThomasAPF,2,99.97702,2.600001,10,0.06674448,0.1716953
181,Normal,1,ThomasAPF,1,100.0014,2.600001,8.571428,0.08538094,0.2133689
182,Normal,0,ThomasAPF,3,99.9911,2.600001,10,0.05816557,0.2972196
182,Normal,1,ThomasAPF,3,99.9997,2.600001,10,0.05816558,0.2082668
183,Normal,0,ThomasAPF,4,99.97612,2.600001,10,0.06114224,0.2442276
183,Normal,1,ThomasAPF,1,100.0084,2.600001,10,0.07528399,0.1685064
184,Normal,0,ThomasAPF,0,100.0054,2.600001,0,0.08481811,0
184,Normal,1,ThomasAPF,1,99.99187,2.6,5.714286,0.04567129,0.07528231
185,Normal,0,ThomasAPF,0,99.99958,2.600001,6.666667,0.07569993,0.1562416
185,Normal,1,ThomasAPF,4,99.97659,2.600001,10,0.06738125,0.2144724
186,Normal,0,ThomasAPF,6,99.98982,2.600001,10,0.05646332,0.288669
186,Normal,1,ThomasAPF,5,100.0012,2.600001,10,0.05415868,0.2595164
187,Normal,0,ThomasAPF,0,99.98212,2.600001,10,0.04802958,0.04632888
187,Normal,1,ThomasAPF,0,100.0043,2.600001,10,0.08645324,0.05629838
188,Normal,0,ThomasAPF,2,100.0018,2.600001,8.571428,0.04873211,0.09975325
188,Normal,1,ThomasAPF,3,99.99249,2.6,10,0.0458655,0.2399327
189,Normal,0,ThomasAPF,1,100.0006,2.600001,10,0.06053554,0.1008925
189,Normal,1,ThomasAPF,2,99.98174,2.600001,10,0.09080332,0.1507844
190,Normal,0,ThomasAPF,0,100.0077,2.600001,10,0.08106239,0.02309469
190,Normal,1,ThomasAPF,3,99.97839,2.600001,10,0.07806008,0.1935556
191,Normal,0,ThomasAPF,4,99.97794,2.600001,10,0.0732597,0.3046567
191,Normal,1,ThomasAPF,0,100.0087,2.600001,10,0.07469615,0.1278611
192,Normal,0,ThomasAPF,7,99.98009,2.600001,10,0.06919144,0.3112541
192,Normal,1,ThomasAPF,0,100.0044,2.600001,10,0.06653023,0.07749671
193,Normal,0,ThomasAPF,6,99.99239,2.600001,10,0.07397263,0.2634352
193,Normal,1,ThomasAPF,0,100.0066,2.600001,10,0.0794521,0.09734557
194,Normal,0,ThomasAPF,0,100.0014,2.600001,10,0.05066993,0.03770082
194,Normal,1,ThomasAPF,0,99.97488,2.600001,8.333334,0.08595794,0.05394118
195,Normal,0,ThomasAPF,0,100.0015,2.600001,0,0.04343677,0
195,Normal,1,ThomasAPF,0,99.96989,2.600001,3.333333,0.04964203,0.02670758
196,Normal,0,ThomasAPF,3,99.97972,2.600001,10,0.06726663,0.1864053
196,Normal,1,ThomasAPF,2,99.99976,2.600001,10,0.08481443,0.1162355
197,Normal,0,ThomasAPF,4,99.98225,2.600001,8.571428,0.06500003,0.2732685
197,Normal,1,ThomasAPF,2,100.0089,2.600001,10,0.07090913,0.2113636
198,Normal,0,ThomasAPF,0,100.0032,2.600001,10,0.07684734,0.1595121
198,Normal,1,ThomasAPF,1,99.97486,2.600001,8.571428,0.07044339,0.1477832
199,Normal,0,ThomasAPF,0,100.007,2.600001,10,0.08534588,0.0976944
199,Normal,1,ThomasAPF,2,99.98048,2.600001,10,0.07924973,0.1898063
200,Normal,0,ThomasAPF,2,100.0002,2.600001,10,0.05922554,0.1431825
200,Normal,1,ThomasAPF,3,99.99413,2.600001,10,0.05626427,0.1947066
201,Normal,0,ThomasAPF,0,99.9771,2.600001,10,0.09373717,0.01236094
201,Normal,1,ThomasAPF,0,100.0026,2.600001,0,0.0904468,0
202,Normal,0,ThomasAPF,6,99.98618,2.600001,8.333334,0.05753428,0.2323248
202,Normal,1,ThomasAPF,0,100.0013,2.600001,7.142858,0.06301373,0.05670128
203,Normal,0,ThomasAPF,2,100.0077,2.600001,10,0.05163554,0.09679572
203,Normal,1,ThomasAPF,1,99.97714,2.600001,8.571428,0.06378508,0.1635514
204,Normal,0,ThomasAPF,5,99.97657,2.600001,10,0.05701758,0.2642022
204,Normal,1,ThomasAPF,4,100.0056,2.600001,7.142858,0.06271932,0.252715
205,Normal,0,ThomasAPF,0,100.0017,2.600001,10,0.08407965,0.04975124
205,Normal,1,ThomasAPF,0,99.97991,2.600001,10,0.09378114,0.01243781
206,Normal,0,ThomasAPF,3,99.97467,2.600001,10,0.08468574,0.1567347
206,Normal,1,ThomasAPF,0,99.99916,2.600001,8.571428,0.05645717,0.08598639
207,Normal,0,ThomasAPF,3,99.97984,2.600001,10,0.06726661,0.1847984
207,Normal,1,ThomasAPF,0,100.0087,2.600001,10,0.06141736,0.1124859
208,Normal,0,ThomasAPF,0,99.97247,2.600001,10,0.04687503,0.02403846
208,Normal,1,ThomasAPF,0,100.0102,2.228572,10,0.04419645,0.01201923
209,Normal,0,ThomasAPF,4,99.97804,2.600001,10,0.05381266,0.285818
209,Normal,1,ThomasAPF,2,100.0043,2.600001,10,0.05947716,0.1390186
210,Normal,0,PredRedLPP,0,100.0035,0,2,0,0.05031446
210,Normal,1,PredRedLPP,1,99.9766,2.6,10,0.01621243,0.08455623
211,Normal,0,PredRedLPP,0,100.0016,1.199999,10,0.01003134,0.06896551
211,Normal,1,PredRedLPP,2,99.98355,2.657144,6.857142,0.01901776,0.1250933
212,Normal,0,PredRedLPP,7,99.97648,2.600001,10,0.08374139,0.185499
212,Normal,1,PredRedLPP,7,100.0082,2.600001,10,0.0834275,0.2088154
213,Normal,0,PredRedLPP,0,100.0007,0.1999998,3.666667,0.00213447,0.05996848
213,Normal,1,PredRedLPP,0,99.97391,1.857144,10,0.008751332,0.1501246
214,Normal,0,PredRedLPP,7,99.96943,3.228572,10,0.08207548,0.2673406
214,Normal,1,PredRedLPP,5,100.001,2.600001,10,0.06503145,0.1965858
215,Normal,0,PredRedLPP,7,99.99929,2.6,10,0.07419754,0.1770723
215,Normal,1,PredRedLPP,7,99.97626,3.800001,10,0.1031482,0.2604497
216,Normal,0,PredRedLPP,1,99.97697,2.6,8.571428,0.01486199,0.08143767
216,Normal,1,PredRedLPP,0,100.0035,2.166667,2,0.002760086,0.09523813
217,Normal,0,PredRedLPP,8,100.0007,3.428571,10,0.08511031,0.2475929
217,Normal,1,PredRedLPP,8,99.98318,4,10,0.07322305,0.2106531
218,Normal,0,PredRedLPP,3,99.981,2.800001,10,0.03430484,0.1910027
218,Normal,1,PredRedLPP,1,100.0022,2.600001,10,0.008040202,0.05829146
219,Normal,0,PredRedLPP,6,100.0019,2.600001,10,0.08118688,0.1852904
219,Normal,1,PredRedLPP,6,99.98888,2.6,10,0.1264521,0.2506765
220,Normal,0,PredRedLPP,6,99.99904,4,8.571428,0.0810003,0.2092538
220,Normal,1,PredRedLPP,7,99.98589,3.028571,10,0.1061299,0.2025008
221,Normal,0,PredRedLPP,7,99.97718,3.228572,10,0.09758189,0.2556299
221,Normal,1,PredRedLPP,7,100.0032,3.428571,10,0.09090912,0.2266824
222,Normal,0,PredRedLPP,3,99.98069,3.600001,8.571428,0.03926297,0.2017229
222,Normal,1,PredRedLPP,3,100.0024,3.066667,9.142858,0.04381908,0.2007179
223,Normal,0,PredRedLPP,4,100.002,4,8.333334,0.0692786,0.1821696
223,Normal,1,PredRedLPP,7,99.9753,2.600001,8.333334,0.1003909,0.2578624
224,Normal,0,PredRedLPP,1,99.97218,2.6,10,0.01140443,0.06687785
224,Normal,1,PredRedLPP,1,100.0034,2.6,9.714286,0.01731784,0.1671445
225,Normal,0,PredRedLPP,8,99.98003,2.600001,10,0.07675119,0.1894842
225,Normal,1,PredRedLPP,7,99.99894,3.333332,10,0.1297274,0.2523724
226,Normal,0,PredRedLPP,1,100.0058,2.6,9.428572,0.01456102,0.09941882
226,Normal,1,PredRedLPP,0,99.97417,0,10,0,0.04496788
227,Normal,0,PredRedLPP,0,100.0025,0,2,0,0.03438575
227,Normal,1,PredRedLPP,0,99.97817,1.199999,3.333333,0.004376366,0.1281651
228,Normal,0,PredRedLPP,8,100.0031,2.600001,10,0.08129034,0.1884134
228,Normal,1,PredRedLPP,8,99.96696,2.6,8.333334,0.08436254,0.1964539
229,Normal,0,PredRedLPP,6,100.0006,3.100001,8.333334,0.08111008,0.2095779
229,Normal,1,PredRedLPP,7,99.97024,4,10,0.07246927,0.2605308
230,Normal,0,PredRedLPP,7,99.97372,2.800001,10,0.07803811,0.2363994
230,Normal,1,PredRedLPP,7,99.99921,3.200001,10,0.08066231,0.1977954
231,Normal,0,PredRedLPP,8,100.0045,3.428572,10,0.118355,0.248355
231,Normal,1,PredRedLPP,8,99.96827,2.6,10,0.08781817,0.1980086
232,Normal,0,PredRedLPP,1,99.98129,2.6,5,0.006403416,0.03201707
232,Normal,1,PredRedLPP,0,100.0027,1.399999,4.571428,0.008964777,0.1003202
233,Normal,0,PredRedLPP,0,100.0026,1.399999,8,0.008879488,0.06100875
233,Normal,1,PredRedLPP,1,99.97737,2.6,8.571428,0.01437632,0.1124031
234,Normal,0,PredRedLPP,0,99.97255,0.1999998,8,0.0002141326,0.08055468
234,Normal,1,PredRedLPP,1,100.0018,2.6,8.571428,0.0146324,0.08080963
235,Normal,0,PredRedLPP,7,99.97463,2.6,10,0.0723688,0.2290395
235,Normal,1,PredRedLPP,7,99.99876,4,10,0.07782835,0.251484
236,Normal,0,PredRedLPP,0,100.0009,1.399999,10,0.009071269,0.08423325
236,Normal,1,PredRedLPP,0,99.97131,2.600001,2,0.01187905,0.07343412
237,Normal,0,PredRedLPP,0,100.0019,1.199999,6.666667,0.004303348,0.06067019
237,Normal,1,PredRedLPP,1,99.96974,2.6,2,0.01142857,0.0973545
238,Normal,0,PredRedLPP,4,100.0026,2.82381,10,0.0723404,0.2078845
238,Normal,1,PredRedLPP,5,99.97942,3.800001,10,0.08046421,0.245648
239,Normal,0,PredRedLPP,0,100.0032,0,8,0,0.04064171
239,Normal,1,PredRedLPP,1,99.97376,2.6,5.333333,0.0119786,0.0905526
240,Normal,0,None,16,99.97163,0,0,0,0
241,Normal,0,None,17,99.9735,0,0,0,0
242,Normal,0,None,13,99.9801,0,0,0,0
243,Normal,0,None,11,99.98417,0,0,0,0
244,Normal,0,None,12,99.96684,0,0,0,0
245,Normal,0,None,17,99.97269,0,0,0,0
246,Normal,0,None,15,99.97813,0,0,0,0
247,Normal,0,None,16,99.97646,0,0,0,0
248,Normal,0,None,11,99.97079,0,0,0,0
249,Normal,0,None,12,99.9743,0,0,0,0
250,Normal,0,None,13,99.98139,0,0,0,0
251,Normal,0,None,12,99.97843,0,0,0,0
252,Normal,0,None,21,99.96656,0,0,0,0
253,Normal,0,None,13,99.9836,0,0,0,0
254,Normal,0,None,16,99.96853,0,0,0,0
255,Normal,0,None,25,99.97668,0,0,0,0
256,Normal,0,None,24,99.97397,0,0,0,0
257,Normal,0,None,14,99.96973,0,0,0,0
258,Normal,0,None,20,99.97891,0,0,0,0
259,Normal,0,None,23,99.97695,0,0,0,0
260,Normal,0,None,24,99.97736,0,0,0,0
261,Normal,0,None,2,99.97419,0,0,0,0
262,Normal,0,None,12,99.97707,0,0,0,0
263,Normal,0,None,19,99.97378,0,0,0,0
264,Normal,0,None,15,99.97505,0,0,0,0
265,Normal,0,None,21,99.97855,0,0,0,0
266,Normal,0,None,11,99.97126,0,0,0,0
267,Normal,0,None,23,99.97577,0,0,0,0
268,Normal,0,None,14,99.97639,0,0,0,0
269,Normal,0,None,16,99.98472,0,0,0,0
270,Normal,0,S2C,10,99.98683,0,10,0,0.04814724
271,Normal,0,S2C,10,99.97993,0,10,0,0.05742176
272,Normal,0,S2C,9,99.9775,0,10,0,0.008733625
273,Normal,0,S2C,0,99.97192,0,10,0,0.01085776
274,Normal,0,S2C,0,99.97646,0,0,0,0
275,Normal,0,S2C,9,99.97522,0,10,0,0.01760563
276,Normal,0,S2C,10,99.98061,0,10,0,0.05300136
277,Normal,0,S2C,9,99.96972,0,10,0,0.02606429
278,Normal,0,S2C,9,99.9759,0,10,0,0.008756567
279,Normal,0,S2C,10,99.98324,0,10,0,0.09029064
280,Normal,0,S2C,9,99.98893,0,4.285714,0,0.01762115
281,Normal,0,S2C,9,99.97657,0,10,0,0.06238012
282,Normal,0,S2C,10,99.98411,0,10,0,0.05409194
283,Normal,0,S2C,0,99.98071,0,10,0,0.01079914
284,Normal,0,S2C,10,99.98167,0,10,0,0.058558
285,Normal,0,S2C,10,99.98106,0,10,0,0.02572899
286,Normal,0,S2C,9,99.97935,0,10,0,0.05629222
287,Normal,0,S2C,9,99.98115,0,10,0,0.03380493
288,Normal,0,S2C,9,99.97684,0,10,0,0.008741259
289,Normal,0,S2C,9,99.97564,0,10,0,0.0349345
290,Normal,0,S2C,10,99.97422,0,10,0,0.02546689
291,Normal,0,S2C,9,99.97349,0,10,0,0.02126595
292,Normal,0,S2C,10,99.97039,0,10,0,0.07413843
293,Normal,0,S2C,10,99.97388,0,10,0,0.1030377
294,Normal,0,S2C,0,99.96892,0,0,0,0
295,Normal,0,S2C,10,99.97722,0,10,0,0.03995716
296,Normal,0,S2C,9,99.96873,0,10,0,0.04162505
297,Normal,0,S2C,9,99.98451,0,10,0,0.01740644
298,Normal,0,S2C,9,99.98312,0,10,0,0.03374578
299,Normal,0,S2C,10,99.98537,0,10,0,0.02971032
300,Normal,0,ThomasAPF,5,99.96867,2.600001,10,0.1371368,0.3226715
301,Normal,0,ThomasAPF,3,99.98252,2.600001,10,0.1372305,0.2959298
302,Normal,0,ThomasAPF,4,99.9818,2.600001,10,0.1177901,0.2665614
303,Normal,0,ThomasAPF,4,99.97596,2.600001,10,0.1213334,0.2674604
304,Normal,0,ThomasAPF,5,99.98625,2.600001,10,0.1300001,0.2872671
305,Normal,0,ThomasAPF,4,99.98061,2.600001,10,0.1283951,0.2447758
306,Normal,0,ThomasAPF,3,99.98495,2.600001,10,0.1662101,0.3713851
307,Normal,0,ThomasAPF,5,99.9716,2.600001,10,0.1220918,0.3521879
308,Normal,0,ThomasAPF,5,99.98272,2.600001,10,0.1119484,0.2611614
309,Normal,0,ThomasAPF,5,99.98649,2.600001,10,0.106351,0.2639807
310,Normal,0,ThomasAPF,3,99.98562,2.600001,10,0.1334094,0.2475973
311,Normal,0,ThomasAPF,5,99.98132,2.600001,10,0.1243359,0.3019584
312,Normal,0,ThomasAPF,4,99.9817,2.600001,10,0.1333334,0.2841444
313,Normal,0,ThomasAPF,3,99.98663,2.600001,10,0.1326828,0.3223484
314,Normal,0,ThomasAPF,4,99.97407,2.600001,10,0.1211268,0.2992313
315,Normal,0,ThomasAPF,3,99.99341,2.600001,10,0.1472254,0.290406
316,Normal,0,ThomasAPF,3,99.97611,2.600001,10,0.1446085,0.3051186
317,Normal,0,ThomasAPF,4,99.98035,2.600001,10,0.1331849,0.2882066
318,Normal,0,ThomasAPF,4,99.97601,2.600001,10,0.1419215,0.3223123
319,Normal,0,ThomasAPF,4,99.98392,2.600001,10,0.1431719,0.3558316
320,Normal,0,ThomasAPF,4,99.9841,2.600001,10,0.1175304,0.2562083
321,Normal,0,ThomasAPF,3,99.97586,2.600001,10,0.1317153,0.2910354
322,Normal,0,ThomasAPF,0,99.97572,2.600001,10,0.1843285,0.3731343
323,Normal,0,ThomasAPF,4,99.98579,2.600001,10,0.1235422,0.3039185
324,Normal,0,ThomasAPF,4,99.9764,2.600001,10,0.1265487,0.2754951
325,Normal,0,ThomasAPF,4,99.97569,2.600001,10,0.1274511,0.3127918
326,Normal,0,ThomasAPF,4,99.97108,2.600001,10,0.1278689,0.2628155
327,Normal,0,ThomasAPF,5,99.97911,2.600001,10,0.1413087,0.3690098
328,Normal,0,ThomasAPF,4,99.96935,2.600001,10,0.116592,0.2784005
329,Normal,0,ThomasAPF,2,99.98998,2.600001,10,0.150059,0.2810029
330,Normal,0,PredRedLPP,1,99.96775,2.6,8,0.005726404,0.1604809
331,Normal,0,PredRedLPP,0,99.97922,1.399999,8,0.002991451,0.1324787
332,Normal,0,PredRedLPP,1,99.97528,2.6,6.666667,0.008983954,0.1765216
333,Normal,0,PredRedLPP,0,99.96644,1.199999,5.857143,0.003459457,0.1470272
334,Normal,0,PredRedLPP,0,99.97757,0,2,0,0.1408253
335,Normal,0,PredRedLPP,0,99.97305,0,7.666667,0,0.1702743
336,Normal,0,PredRedLPP,0,99.97814,1.399999,3,0.02370688,0.1492201
337,Normal,0,PredRedLPP,0,99.97332,2.600001,8,0.008128343,0.1604279
338,Normal,0,PredRedLPP,0,99.9878,0,6.666667,0,0.1190476
339,Normal,0,PredRedLPP,1,99.97844,2.600001,8,0.01185185,0.1457295
340,Normal,0,PredRedLPP,0,99.9809,1.199999,3,0.003030301,0.1428573
341,Normal,0,PredRedLPP,0,99.98432,1.199999,3.571428,0.005561496,0.1503439
342,Normal,0,PredRedLPP,0,99.98338,1.857144,8,0.008547009,0.147436
343,Normal,0,PredRedLPP,0,99.97907,1.857144,8,0.005837837,0.1844016
344,Normal,0,PredRedLPP,1,99.97011,2.6,8,0.009183675,0.1650661
345,Normal,0,PredRedLPP,0,99.97695,0.7999998,3.714285,0.001750547,0.1600501
346,Normal,0,PredRedLPP,0,99.96642,2.600001,2,0.008864863,0.1674133
347,Normal,0,PredRedLPP,0,99.97905,1.485716,3,0.03649269,0.1691771
348,Normal,0,PredRedLPP,0,99.97179,0.6,2,0.0006564552,0.1643744
349,Normal,0,PredRedLPP,1,99.97894,2.6,8.333334,0.009026297,0.115494
350,Normal,0,PredRedLPP,0,99.98066,0.933333,8,0.002994651,0.1469825
351,Normal,0,PredRedLPP,1,99.9669,2.6,10,0.01075498,0.1680912
352,Normal,0,PredRedLPP,0,99.9771,1.399999,2,0.003060108,0.1464482
353,Normal,0,PredRedLPP,0,99.96744,1.857144,7.142858,0.004919786,0.1714286
354,Normal,0,PredRedLPP,1,99.97486,2.6,7.142858,0.003640257,0.213521
355,Normal,0,PredRedLPP,0,99.97105,0,2,0,0.155432
356,Normal,0,PredRedLPP,0,99.97911,1.399999,8,0.003023756,0.1497481
357,Normal,0,PredRedLPP,0,99.97642,1.485716,8,0.00885529,0.1656897
358,Normal,0,PredRedLPP,0,99.97783,1.399999,8,0.003027025,0.1528959
359,Normal,0,PredRedLPP,1,99.98141,2.6,8,0.006143108,0.1704314
360,Normal,0,None,13,99.97426,0,0,0,0
360,Normal,1,None,11,100,0,10,0,0.008453085
361,Normal,0,None,10,100.0007,0,0,0,0
361,Normal,1,None,12,99.97518,0,0,0,0
362,Normal,0,None,16,99.97614,0,0,0,0
362,Normal,1,None,12,99.99962,0,0,0,0
363,Normal,0,None,13,100,0,0,0,0
363,Normal,1,None,15,99.97636,0,0,0,0
364,Normal,0,None,12,99.99741,0,0,0,0
364,Normal,1,None,13,99.97256,0,0,0,0
365,Normal,0,None,25,99.97801,0,0,0,0
365,Normal,1,None,25,100.0021,0,0,0,0
366,Normal,0,None,11,100.0007,0,0,0,0
366,Normal,1,None,11,99.97814,0,0,0,0
367,Normal,0,None,10,100.0007,0,0,0,0
367,Normal,1,None,12,99.97009,0,0,0,0
368,Normal,0,None,10,100.001,0,0,0,0
368,Normal,1,None,10,99.97101,0,0,0,0
369,Normal,0,None,11,99.99967,0,0,0,0
369,Normal,1,None,13,99.97028,0,0,0,0
370,Normal,0,None,17,99.97063,0,0,0,0
370,Normal,1,None,11,100.0007,0,0,0,0
371,Normal,0,None,12,100.0002,0,0,0,0
371,Normal,1,None,22,99.97816,0,0,0,0
372,Normal,0,None,10,99.99938,0,0,0,0
372,Normal,1,None,14,99.98364,0,0,0,0
373,Normal,0,None,12,99.98294,0,0,0,0
373,Normal,1,None,11,100.0022,0,0,0,0
374,Normal,0,None,10,100.0007,0,0,0,0
374,Normal,1,None,13,99.97666,0,0,0,0
375,Normal,0,None,10,99.99751,0,0,0,0
375,Normal,1,None,10,99.97755,0,0,0,0
376,Normal,0,None,10,100.0002,0,0,0,0
376,Normal,1,None,10,99.98024,0,0,0,0
377,Normal,0,None,14,100.0005,0,0,0,0
377,Normal,1,None,15,99.97066,0,0,0,0
378,Normal,0,None,12,99.99971,0,0,0,0
378,Normal,1,None,12,99.97652,0,0,0,0
379,Normal,0,None,10,100.0034,0,0,0,0
379,Normal,1,None,11,99.97076,0,0,0,0
380,Normal,0,None,10,99.99973,0,0,0,0
380,Normal,1,None,11,99.97371,0,0,0,0
381,Normal,0,None,10,100.0007,0,0,0,0
381,Normal,1,None,12,99.97868,0,0,0,0
382,Normal,0,None,13,99.97268,0,0,0,0
382,Normal,1,None,10,100.0024,0,0,0,0
383,Normal,0,None,14,99.97881,0,0,0,0
383,Normal,1,None,11,99.99863,0,0,0,0
384,Normal,0,None,21,99.96688,0,0,0,0
384,Normal,1,None,11,99.99875,0,0,0,0
385,Normal,0,None,10,100.0023,0,0,0,0
385,Normal,1,None,11,99.96984,0,0,0,0
386,Normal,0,None,10,99.96984,0,0,0,0
386,Normal,1,None,10,99.99871,0,0,0,0
387,Normal,0,None,13,100.002,0,0,0,0
387,Normal,1,None,22,99.97866,0,0,0,0
388,Normal,0,None,11,99.9996,0,0,0,0
388,Normal,1,None,11,99.98001,0,0,0,0
389,Normal,0,None,13,99.97855,0,0,0,0
389,Normal,1,None,10,100.0044,0,0,0,0
390,Normal,0,S2C,10,99.97698,0,10,0,0.05315138
390,Normal,1,S2C,10,100.0004,0,10,0,0.08667322
391,Normal,0,S2C,9,100.0029,0,10,0,0.05186233
391,Normal,1,S2C,12,99.98,0,10,0,0.07425743
392,Normal,0,S2C,10,99.98457,0,10,0,0.04255319
392,Normal,1,S2C,9,100.0034,0,10,0,0.01702128
393,Normal,0,S2C,9,100.0025,0,10,0,0.04234649
393,Normal,1,S2C,9,99.98071,0,10,0,0.02789887
394,Normal,0,S2C,9,100.0052,0,10,0,0.03958054
394,Normal,1,S2C,10,99.98214,0,10,0,0.08079325
395,Normal,0,S2C,9,99.97339,0,5.714286,0,0.02744853
395,Normal,1,S2C,4,100.0025,0,10,0,0.01746725
396,Normal,0,S2C,9,99.97,0,10,0,0.03559911
396,Normal,1,S2C,0,100.003,0,0,0,0
397,Normal,0,S2C,9,99.98096,0,10,0,0.05350921
397,Normal,1,S2C,9,100.0005,0,10,0,0.03774681
398,Normal,0,S2C,10,99.98396,0,10,0,0.05993149
398,Normal,1,S2C,9,100.0025,0,10,0,0.03975049
399,Normal,0,S2C,1,100.0011,0,0,0,0
399,Normal,1,S2C,9,99.97742,0,10,0,0.0414625
400,Normal,0,S2C,10,99.97011,0,10,0,0.06740558
400,Normal,1,S2C,9,100.0004,0,10,0,0.03448276
401,Normal,0,S2C,9,99.972,0,10,0,0.01855288
401,Normal,1,S2C,9,100.0028,0,10,0,0.01731602
402,Normal,0,S2C,9,99.97555,0,10,0,0.03484321
402,Normal,1,S2C,9,100.0059,0,10,0,0.06097561
403,Normal,0,S2C,12,99.97099,0,10,0,0.05842705
403,Normal,1,S2C,1,100.005,0,0,0,0
404,Normal,0,S2C,10,99.97348,0,10,0,0.04154956
404,Normal,1,S2C,10,100.0015,0,10,0,0.05865819
405,Normal,0,S2C,10,99.96931,0,10,0,0.04043356
405,Normal,1,S2C,9,100.004,0,10,0,0.03945926
406,Normal,0,S2C,10,100.0022,0,10,0,0.01703577
406,Normal,1,S2C,10,99.97954,0,10,0,0.02555366
407,Normal,0,S2C,9,100.0018,0,0,0,0
407,Normal,1,S2C,10,99.9744,0,10,0,0.04574042
408,Normal,0,S2C,11,100.0015,0,10,0,0.0833533
408,Normal,1,S2C,11,99.98637,0,10,0,0.1064848
409,Normal,0,S2C,10,100.0044,0,10,0,0.07998031
409,Normal,1,S2C,9,99.97379,0,0,0,0
410,Normal,0,S2C,9,100.0022,0,10,0,0.05351551
410,Normal,1,S2C,10,99.97048,0,4.285714,0,0.0146395
411,Normal,0,S2C,9,100.0026,0,5,0,0.008718396
411,Normal,1,S2C,9,99.97986,0,10,0,0.0249097
412,Normal,0,S2C,10,99.97137,0,10,0,0.06504663
412,Normal,1,S2C,10,100.0012,0,10,0,0.04295532
413,Normal,0,S2C,14,99.9846,0,10,0,0.08986928
413,Normal,1,S2C,11,100.0022,0,10,0,0.08986928
414,Normal,0,S2C,9,100.0018,0,10,0,0.01733102
414,Normal,1,S2C,9,99.97916,0,10,0,0.04621606
415,Normal,0,S2C,9,99.97485,0,10,0,0.06089943
415,Normal,1,S2C,9,100.0001,0,10,0,0.03649001
416,Normal,0,S2C,10,99.97688,0,10,0,0.02504174
416,Normal,1,S2C,9,100.0037,0,10,0,0.05723825
417,Normal,0,S2C,10,99.98499,0,10,0,0.04366812
417,Normal,1,S2C,9,100.0043,0,10,0,0.02620087
418,Normal,0,S2C,5,100.0018,0,10,0,0.03404255
418,Normal,1,S2C,10,99.98068,0,10,0,0.03404255
419,Normal,0,S2C,11,99.97742,0,10,0,0.06117247
419,Normal,1,S2C,10,100.0042,0,10,0,0.03398471
420,Normal,0,ThomasAPF,6,100.0022,2.600001,10,0.09572498,0.3534661
420,Normal,1,ThomasAPF,5,99.99678,2.600001,10,0.09598869,0.3823723
421,Normal,0,ThomasAPF,6,100.0021,2.600001,10,0.09657397,0.2950364
421,Normal,1,ThomasAPF,7,99.98824,2.600001,10,0.1053194,0.274278
422,Normal,0,ThomasAPF,6,99.97923,2.600001,10,0.09780569,0.2537692
422,Normal,1,ThomasAPF,4,100.0005,2.600001,10,0.1059562,0.2293875
423,Normal,0,ThomasAPF,8,99.98176,2.600001,10,0.09917148,0.287619
423,Normal,1,ThomasAPF,5,100.0018,2.600001,10,0.1222,0.2132381
424,Normal,0,ThomasAPF,6,100.0026,2.600001,10,0.09189992,0.3966617
424,Normal,1,ThomasAPF,6,99.97334,2.600001,10,0.0991753,0.4707902
425,Normal,0,ThomasAPF,2,100.0031,2.600001,10,0.08003976,0.2894028
425,Normal,1,ThomasAPF,8,99.99262,2.600001,10,0.1024165,0.2479784
426,Normal,0,ThomasAPF,8,99.97594,2.600001,10,0.08719517,0.254065
426,Normal,1,ThomasAPF,4,100.016,2.600001,10,0.095122,0.203252
427,Normal,0,ThomasAPF,4,100.0009,2.600001,10,0.08432437,0.2908624
427,Normal,1,ThomasAPF,5,99.97856,2.6,10,0.08833981,0.3135135
428,Normal,0,ThomasAPF,9,99.98413,2.600001,10,0.09518311,0.2659877
428,Normal,1,ThomasAPF,9,99.99844,2.600001,10,0.1162951,0.3364986
429,Normal,0,ThomasAPF,8,99.98652,2.600001,10,0.1074411,0.3133579
429,Normal,1,ThomasAPF,5,100.0087,2.600001,10,0.1085488,0.3333335
430,Normal,0,ThomasAPF,5,100.0047,2.600001,10,0.1046611,0.2587772
430,Normal,1,ThomasAPF,6,99.98208,2.600001,10,0.09915261,0.3556296
431,Normal,0,ThomasAPF,4,100.0036,2.600001,10,0.1137856,0.2292383
431,Normal,1,ThomasAPF,5,99.96684,2.600001,10,0.1052517,0.3240595
432,Normal,0,ThomasAPF,5,99.98254,2.600001,10,0.08962822,0.3927945
432,Normal,1,ThomasAPF,5,100.002,2.600001,10,0.1150686,0.3132119
433,Normal,0,ThomasAPF,2,100.0055,2.600001,8.333334,0.09360006,0.172619
433,Normal,1,ThomasAPF,7,99.96966,2.600001,10,0.1118001,0.2685714
434,Normal,0,ThomasAPF,7,100.0015,2.600001,10,0.1104146,0.2407435
434,Normal,1,ThomasAPF,7,99.98104,2.600001,10,0.1209303,0.3433001
435,Normal,0,ThomasAPF,3,100.0045,2.600001,10,0.09724976,0.2938866
435,Normal,1,ThomasAPF,5,99.99346,2.600001,10,0.1090996,0.3027921
436,Normal,0,ThomasAPF,4,99.9945,2.600001,10,0.1002268,0.2057014
436,Normal,1,ThomasAPF,3,99.98004,2.600001,10,0.1242307,0.1938235
437,Normal,0,ThomasAPF,6,100.0089,2.600001,10,0.1020121,0.2687552
437,Normal,1,ThomasAPF,8,99.99081,2.600001,10,0.1072435,0.2716298
438,Normal,0,ThomasAPF,5,100.0006,2.600001,10,0.1015134,0.2845035
438,Normal,1,ThomasAPF,6,99.97874,2.600001,8.571428,0.09639835,0.3270783
439,Normal,0,ThomasAPF,7,99.97197,2.600001,10,0.07112465,0.3285569
439,Normal,1,ThomasAPF,6,100.005,2.600001,10,0.08429588,0.3917597
440,Normal,0,ThomasAPF,7,100.0102,2.600001,10,0.08666671,0.2904762
440,Normal,1,ThomasAPF,8,99.98377,2.600001,10,0.0921289,0.3935574
441,Normal,0,ThomasAPF,6,99.99278,2.600001,10,0.1081082,0.2762103
441,Normal,1,ThomasAPF,3,100.0037,2.600001,10,0.1,0.2197802
442,Normal,0,ThomasAPF,2,100.0029,2.600001,10,0.1224971,0.1362948
442,Normal,1,ThomasAPF,1,99.96915,2.600001,10,0.09537273,0.1682652
443,Normal,0,ThomasAPF,3,99.99996,2.600001,8.571428,0.09313771,0.1630461
443,Normal,1,ThomasAPF,8,99.98547,2.600001,10,0.09687819,0.3337649
444,Normal,0,ThomasAPF,8,99.9754,2.600001,10,0.08657926,0.3032051
444,Normal,1,ThomasAPF,4,100.0068,2.600001,10,0.1000721,0.2022969
445,Normal,0,ThomasAPF,7,100.0012,2.600001,10,0.09880005,0.2871429
445,Normal,1,ThomasAPF,8,99.9725,2.600001,10,0.09620006,0.2689524
446,Normal,0,ThomasAPF,4,99.99967,2.600001,10,0.1125774,0.1766323
446,Normal,1,ThomasAPF,7,99.96989,2.600001,10,0.1072165,0.2595974
447,Normal,0,ThomasAPF,5,100.0047,2.600001,10,0.08730331,0.4162295
447,Normal,1,ThomasAPF,6,99.97399,2.600001,10,0.08496482,0.2623295
448,Normal,0,ThomasAPF,5,100.0013,2.600001,10,0.08927044,0.3602085
448,Normal,1,ThomasAPF,5,99.98103,2.600001,10,0.07811162,0.3839669
449,Normal,0,ThomasAPF,5,100.0036,2.600001,10,0.1180571,0.2795796
449,Normal,1,ThomasAPF,6,99.99564,2.600001,8.571428,0.08785644,0.2800825
450,Normal,0,PredRedLPP,0,100.002,1.399999,10,0.04528549,0.2583002
450,Normal,1,PredRedLPP,3,99.98631,4,8,0.1302124,0.3663441
451,Normal,0,PredRedLPP,0,100.0021,1.399999,7.333333,0.003854387,0.1184868
451,Normal,1,PredRedLPP,0,99.97922,0,6,0,0.1263384
452,Normal,0,PredRedLPP,0,100.0031,1.199999,2,0.002975557,0.1776226
452,Normal,1,PredRedLPP,1,99.97065,2.6,5,0.07339707,0.231618
453,Normal,0,PredRedLPP,2,99.99895,3.333334,10,0.05079524,0.2919508
453,Normal,1,PredRedLPP,2,99.97939,2.600001,8.333334,0.05509304,0.2712111
454,Normal,0,PredRedLPP,1,99.97807,2.6,8.333334,0.01544885,0.1978826
454,Normal,1,PredRedLPP,0,99.99839,2.228572,8,0.01002087,0.1116911
455,Normal,0,PredRedLPP,4,99.97823,3.428572,8.571428,0.06705881,0.2908964
455,Normal,1,PredRedLPP,3,100.0018,2.6,10,0.04732024,0.228198
456,Normal,0,PredRedLPP,5,99.97953,3.428571,5.714286,0.06403182,0.2459175
456,Normal,1,PredRedLPP,3,100.0023,2.166667,6,0.04828688,0.2278488
457,Normal,0,PredRedLPP,1,99.99705,2.6,8.571428,0.07885079,0.2370569
457,Normal,1,PredRedLPP,2,99.98107,3.428571,6.857142,0.06237451,0.3108839
458,Normal,0,PredRedLPP,0,100.0056,1.399999,7.428572,0.01082981,0.1983123
458,Normal,1,PredRedLPP,1,99.96786,1.399999,6,0.008860755,0.1558168
459,Normal,0,PredRedLPP,1,100.0053,2.6,8.333334,0.05283899,0.2599485
459,Normal,1,PredRedLPP,3,99.97674,3.428572,10,0.06800265,0.2996947
460,Normal,0,PredRedLPP,0,99.9956,0.7999998,8,0.001694915,0.1561744
460,Normal,1,PredRedLPP,1,99.96593,3.800001,8,0.0174435,0.163287
461,Normal,0,PredRedLPP,1,99.99876,2.857143,8,0.06405226,0.2753945
461,Normal,1,PredRedLPP,2,99.98549,3.333334,8.333334,0.04430682,0.2848299
462,Normal,0,PredRedLPP,2,100.0022,2.857143,8,0.07702319,0.2438383
462,Normal,1,PredRedLPP,3,99.98227,2.6,6.857142,0.04552283,0.2851879
463,Normal,0,PredRedLPP,4,99.97863,2.857143,10,0.06718954,0.2603642
463,Normal,1,PredRedLPP,3,100.0002,2.666666,8.571428,0.05699345,0.2390757
464,Normal,0,PredRedLPP,0,99.96907,2.228572,6,0.014539,0.1930598
464,Normal,1,PredRedLPP,0,100,1.733333,6.285715,0.007021275,0.1048632
465,Normal,0,PredRedLPP,7,99.98197,2.6,10,0.06280658,0.2649763
465,Normal,1,PredRedLPP,4,100.0012,2.6,8.571428,0.04891735,0.2567857
466,Normal,0,PredRedLPP,2,100.0013,1.399999,10,0.03794035,0.2288038
466,Normal,1,PredRedLPP,2,99.98063,2.600001,10,0.03495933,0.2616145
467,Normal,0,PredRedLPP,0,100.0041,1.399999,5.714285,0.01475236,0.2212857
467,Normal,1,PredRedLPP,1,99.98512,1.199999,7.142858,0.01180189,0.1536455
468,Normal,0,PredRedLPP,3,99.99922,2.6,8.571428,0.03650045,0.2031985
468,Normal,1,PredRedLPP,5,99.97445,2.600001,10,0.05117591,0.229539
469,Normal,0,PredRedLPP,0,100.0025,1.166666,2.5,0.03870738,0.1826283
469,Normal,1,PredRedLPP,1,99.97324,2.6,10,0.02065331,0.1981033
470,Normal,0,PredRedLPP,0,99.96735,2.600001,8,0.01346292,0.187185
470,Normal,1,PredRedLPP,0,100.0008,1.399999,3.761905,0.004283655,0.1285098
471,Normal,0,PredRedLPP,0,100.0017,1.399999,2,0.002928869,0.1667664
471,Normal,1,PredRedLPP,1,99.96214,2.6,10,0.01359832,0.2273363
472,Normal,0,PredRedLPP,5,100.0024,2.6,10,0.06956253,0.2114252
472,Normal,1,PredRedLPP,6,99.97076,2.857143,10,0.07711467,0.2354986
473,Normal,0,PredRedLPP,2,99.97259,3.028572,10,0.1020975,0.2503028
473,Normal,1,PredRedLPP,2,99.99973,2.6,10,0.04272633,0.3131814
474,Normal,0,PredRedLPP,1,99.97298,2.6,10,0.005775401,0.1176472
474,Normal,1,PredRedLPP,0,100.0082,1.199999,6.571429,0.01561496,0.2137511
475,Normal,0,PredRedLPP,1,99.97488,2.6,8,0.06868896,0.2404863
475,Normal,1,PredRedLPP,0,99.99804,2.228572,6.571429,0.005648536,0.1335924
476,Normal,0,PredRedLPP,1,99.98298,2.6,5.714285,0.01835645,0.2007421
476,Normal,1,PredRedLPP,0,100.0033,0,5,0,0.1959649
477,Normal,0,PredRedLPP,1,99.96701,2.6,8.571428,0.03109242,0.2379953
477,Normal,1,PredRedLPP,1,99.99923,1.399999,5.714286,0.0255602,0.197479
478,Normal,0,PredRedLPP,2,99.96538,2.6,10,0.06887266,0.2610789
478,Normal,1,PredRedLPP,0,100.0001,1.733333,8,0.03843534,0.2738098
479,Normal,0,PredRedLPP,0,99.99958,1.399999,8.571428,0.01935041,0.2531868
479,Normal,1,PredRedLPP,2,99.98112,2.6,7.142858,0.04909398,0.2135776
480,Normal,0,None,16,99.9734,0,5,0,0.004016064
481,Normal,0,None,11,99.98121,0,0,0,0
482,Normal,0,None,11,99.98116,0,0,0,0
483,Normal,0,None,10,99.98505,0,0,0,0
484,Normal,0,None,11,99.97311,0,0,0,0
485,Normal,0,None,10,99.97007,0,0,0,0
486,Normal,0,None,21,99.97809,0,0,0,0
487,Normal,0,None,10,99.97948,0,0,0,0
488,Normal,0,None,22,99.9735,0,0,0,0
489,Normal,0,None,11,99.9714,0,0,0,0
490,Normal,0,None,10,99.97089,0,0,0,0
491,Normal,0,None,10,99.96471,0,0,0,0
492,Normal,0,None,10,99.97314,0,0,0,0
493,Normal,0,None,10,99.9846,0,0,0,0
494,Normal,0,None,11,99.9776,0,0,0,0
495,Normal,0,None,21,99.98067,0,0,0,0
496,Normal,0,None,11,99.98635,0,0,0,0
497,Normal,0,None,10,99.98327,0,0,0,0
498,Normal,0,None,10,99.98125,0,0,0,0
499,Normal,0,None,12,99.98328,0,0,0,0
500,Normal,0,None,11,99.97434,0,0,0,0
501,Normal,0,None,10,99.96778,0,0,0,0
502,Normal,0,None,11,99.96675,0,0,0,0
503,Normal,0,None,17,99.9773,0,0,0,0
504,Normal,0,None,37,99.97346,0,0,0,0
505,Normal,0,None,10,99.97158,0,0,0,0
506,Normal,0,None,11,99.97216,0,0,0,0
507,Normal,0,None,10,99.97003,0,0,0,0
508,Normal,0,None,10,99.97581,0,0,0,0
509,Normal,0,None,17,99.97845,0,0,0,0
510,Normal,0,S2C,0,99.97413,0,0,0,0
511,Normal,0,S2C,8,99.97991,0,10,0,0.2450485
512,Normal,0,S2C,8,99.97649,0,10,0,0.2332275
513,Normal,0,S2C,8,99.97964,0,10,0,0.2192982
514,Normal,0,S2C,0,99.98581,0,0,0,0
515,Normal,0,S2C,1,99.97198,0,10,0,0.07314523
516,Normal,0,S2C,0,99.98261,0,10,0,0.01071811
517,Normal,0,S2C,0,99.97701,0,10,0,0.01074114
518,Normal,0,S2C,0,99.97415,0,10,0,0.04998969
519,Normal,0,S2C,0,99.97483,0,0,0,0
520,Normal,0,S2C,7,99.98456,0,10,0,0.2211196
521,Normal,0,S2C,9,99.97839,0,10,0,0.2997631
522,Normal,0,S2C,9,99.98482,0,10,0,0.2659839
523,Normal,0,S2C,11,99.98,0,10,0,0.2657438
524,Normal,0,S2C,10,99.96917,0,10,0,0.24442
525,Normal,0,S2C,10,99.96885,0,10,0,0.2578358
526,Normal,0,S2C,8,99.97829,0,10,0,0.282634
527,Normal,0,S2C,12,99.9748,0,10,0,0.2431694
528,Normal,0,S2C,10,99.98069,0,10,0,0.3100775
529,Normal,0,S2C,15,99.97876,0,10,0,0.3314732
530,Normal,0,S2C,4,99.97405,0,10,0,0.1028459
531,Normal,0,S2C,2,99.9721,0,10,0,0.1601909
532,Normal,0,S2C,0,99.98117,0,0,0,0
533,Normal,0,S2C,0,99.98239,0,0,0,0
534,Normal,0,S2C,10,99.98228,0,10,0,0.2656856
535,Normal,0,S2C,11,99.98219,0,10,0,0.2586375
536,Normal,0,S2C,8,99.98007,0,10,0,0.2237472
537,Normal,0,S2C,9,99.98324,0,10,0,0.2671008
538,Normal,0,S2C,12,99.97697,0,10,0,0.2330127
539,Normal,0,S2C,8,99.98291,0,10,0,0.2233081
540,Normal,0,ThomasAPF,10,99.9792,2.600001,10,0.1222545,0.3354037
541,Normal,0,ThomasAPF,11,99.98995,2.600001,10,0.1311669,0.3201132
542,Normal,0,ThomasAPF,6,99.97733,2.600001,10,0.1190629,0.3184746
543,Normal,0,ThomasAPF,17,99.99131,2.600001,10,0.1369548,0.3191849
544,Normal,0,ThomasAPF,17,99.98133,2.600001,10,0.1264634,0.3712951
545,Normal,0,ThomasAPF,15,99.96938,2.600001,10,0.1272104,0.3043941
546,Normal,0,ThomasAPF,15,99.96935,2.600001,10,0.1297801,0.369108
547,Normal,0,ThomasAPF,10,99.99416,2.600001,10,0.1385348,0.3577545
548,Normal,0,ThomasAPF,19,99.97256,2.600001,10,0.1375103,0.3529775
549,Normal,0,ThomasAPF,11,99.9717,2.600001,10,0.1497993,0.3369522
550,Normal,0,ThomasAPF,18,99.97402,2.600001,10,0.1433902,0.3531842
551,Normal,0,ThomasAPF,6,99.97169,2.600001,10,0.1115063,0.2971209
552,Normal,0,ThomasAPF,19,99.98277,2.600001,10,0.1359615,0.3225683
553,Normal,0,ThomasAPF,16,99.97353,2.600001,10,0.1397146,0.331934
554,Normal,0,ThomasAPF,12,99.98399,2.600001,10,0.1324841,0.3566879
555,Normal,0,ThomasAPF,16,99.9791,2.600001,10,0.1369585,0.2958288
556,Normal,0,ThomasAPF,15,99.9853,2.600001,10,0.1254092,0.3178704
557,Normal,0,ThomasAPF,12,99.97404,2.600001,10,0.1404763,0.3418803
558,Normal,0,ThomasAPF,16,99.97884,2.600001,10,0.1395974,0.3475551
559,Normal,0,ThomasAPF,9,99.96542,2.600001,10,0.1294537,0.3450187
560,Normal,0,ThomasAPF,14,99.98642,2.600001,10,0.1234829,0.3107591
561,Normal,0,ThomasAPF,11,99.97948,2.600001,10,0.1320791,0.3712763
562,Normal,0,ThomasAPF,16,99.98006,2.600001,10,0.1272574,0.3596545
563,Normal,0,ThomasAPF,10,99.97888,2.600001,10,0.1390641,0.3674899
564,Normal,0,ThomasAPF,12,99.9727,2.600001,10,0.1327257,0.4096453
565,Normal,0,ThomasAPF,6,99.97807,2.600001,10,0.1194155,0.3768765
566,Normal,0,ThomasAPF,15,99.98593,2.600001,10,0.1322414,0.3243842
567,Normal,0,ThomasAPF,13,99.98451,2.600001,10,0.1373322,0.3589974
568,Normal,0,ThomasAPF,8,99.97034,2.600001,10,0.1172345,0.3060884
569,Normal,0,ThomasAPF,4,99.98508,2.600001,10,0.1433071,0.3894156
570,Normal,0,PredRedLPP,5,99.98151,2.6,10,0.05909669,0.3449201
571,Normal,0,PredRedLPP,5,99.98116,2.6,10,0.05343628,0.3778268
572,Normal,0,PredRedLPP,1,99.97633,2.6,8.333334,0.03091481,0.3267738
573,Normal,0,PredRedLPP,10,99.99299,2.600001,10,0.07045178,0.4279203
574,Normal,0,PredRedLPP,5,99.9756,2.6,10,0.05113635,0.3741882
575,Normal,0,PredRedLPP,0,99.97008,1.399999,8.333334,0.0360902,0.3335891
576,Normal,0,PredRedLPP,0,99.97734,1.857144,10,0.04637064,0.3566394
577,Normal,0,PredRedLPP,7,99.97437,2.6,10,0.05946875,0.4054448
578,Normal,0,PredRedLPP,6,99.9698,2.6,8.333334,0.04053479,0.2876243
579,Normal,0,PredRedLPP,0,99.98653,0,0,0,0
580,Normal,0,PredRedLPP,0,99.97978,1.399999,10,0.0474866,0.3728037
581,Normal,0,PredRedLPP,2,99.97693,2.600001,10,0.06373851,0.4038135
582,Normal,0,PredRedLPP,8,99.97391,2.600001,10,0.06880569,0.403616
583,Normal,0,PredRedLPP,14,99.98425,2.6,10,0.06864002,0.389562
584,Normal,0,PredRedLPP,3,99.97211,2.600001,8.571428,0.03322708,0.2888447
585,Normal,0,PredRedLPP,18,99.9821,2.6,10,0.07594833,0.3821633
586,Normal,0,PredRedLPP,6,99.97783,2.600001,10,0.03869377,0.301382
587,Normal,0,PredRedLPP,3,99.97707,2.6,10,0.04305281,0.3209394
588,Normal,0,PredRedLPP,13,99.96889,2.600001,10,0.07215881,0.4146664
589,Normal,0,PredRedLPP,1,99.97886,2.600001,10,0.0584285,0.3574148
590,Normal,0,PredRedLPP,4,99.97048,2.6,8.571428,0.04052664,0.2958529
591,Normal,0,PredRedLPP,6,99.98177,2.6,10,0.06327364,0.3949554
592,Normal,0,PredRedLPP,1,99.97678,2.600001,10,0.04488793,0.3757004
593,Normal,0,PredRedLPP,6,99.96968,2.600001,8.571428,0.0371227,0.3384589
594,Normal,0,PredRedLPP,1,99.96853,3.228571,10,0.04871792,0.3484805
595,Normal,0,PredRedLPP,1,99.97406,2.600001,10,0.04424937,0.347155
596,Normal,0,PredRedLPP,0,99.98071,0,6,0,0.006493507
597,Normal,0,PredRedLPP,0,99.97773,0,10,0,0.01070664
598,Normal,0,PredRedLPP,8,99.98843,2.600001,10,0.06117346,0.3519558
599,Normal,0,PredRedLPP,11,99.9722,2.600001,10,0.07354991,0.3984222
600,Normal,0,None,10,100.0004,0,0,0,0
600,Normal,1,None,20,99.96925,0,10,0,0.007518797
601,Normal,0,None,11,99.99986,0,0,0,0
601,Normal,1,None,20,99.98053,0,0,0,0
602,Normal,0,None,12,100.0008,0,0,0,0
602,Normal,1,None,13,99.97245,0,0,0,0
603,Normal,0,None,14,99.97491,0,0,0,0
603,Normal,1,None,11,99.99937,0,0,0,0
604,Normal,0,None,22,99.97374,0,0,0,0
604,Normal,1,None,10,100.0006,0,0,0,0
605,Normal,0,None,11,99.97534,0,0,0,0
605,Normal,1,None,1,100.0002,0,0,0,0
606,Normal,0,None,20,99.9679,0,0,0,0
606,Normal,1,None,11,100.001,0,0,0,0
607,Normal,0,None,86,99.97739,0,0,0,0
607,Normal,1,None,10,100.0006,0,0,0,0
608,Normal,0,None,10,99.99829,0,0,0,0
608,Normal,1,None,15,99.97638,0,0,0,0
609,Normal,0,None,10,100.0025,0,0,0,0
609,Normal,1,None,12,99.96905,0,0,0,0
610,Normal,0,None,27,99.99805,0,0,0,0
610,Normal,1,None,82,99.97353,0,0,0,0
611,Normal,0,None,12,99.99959,0,0,0,0
611,Normal,1,None,76,99.96667,0,0,0,0
612,Normal,0,None,11,99.96896,0,0,0,0
612,Normal,1,None,10,99.99915,0,0,0,0
613,Normal,0,None,83,99.98428,0,0,0,0
613,Normal,1,None,11,99.99929,0,0,0,0
614,Normal,0,None,11,99.99982,0,0,0,0
614,Normal,1,None,13,99.96838,0,0,0,0
615,Normal,0,None,10,100.0001,0,0,0,0
615,Normal,1,None,12,99.96818,0,0,0,0
616,Normal,0,None,14,99.97319,0,0,0,0
616,Normal,1,None,12,99.99802,0,0,0,0
617,Normal,0,None,90,99.96832,0,0,0,0
617,Normal,1,None,21,100.0007,0,0,0,0
618,Normal,0,None,11,99.99957,0,0,0,0
618,Normal,1,None,52,99.98559,0,0,0,0
619,Normal,0,None,12,100.0002,0,0,0,0
619,Normal,1,None,20,99.96841,0,0,0,0
620,Normal,0,None,12,100.0015,0,0,0,0
620,Normal,1,None,13,99.97009,0,0,0,0
621,Normal,0,None,11,100.0054,0,0,0,0
621,Normal,1,None,90,99.9799,0,0,0,0
622,Normal,0,None,74,99.96796,0,0,0,0
622,Normal,1,None,11,99.99991,0,0,0,0
623,Normal,0,None,21,99.99962,0,0,0,0
623,Normal,1,None,89,99.97918,0,0,0,0
624,Normal,0,None,10,99.99936,0,0,0,0
624,Normal,1,None,14,99.97068,0,0,0,0
625,Normal,0,None,72,99.9727,0,0,0,0
625,Normal,1,None,68,100.0014,0,0,0,0
626,Normal,0,None,22,99.9772,0,0,0,0
626,Normal,1,None,11,99.9991,0,0,0,0
627,Normal,0,None,17,99.9674,0,0,0,0
627,Normal,1,None,10,100.0001,0,0,0,0
628,Normal,0,None,22,99.97942,0,0,0,0
628,Normal,1,None,10,100.0002,0,0,0,0
629,Normal,0,None,12,100,0,0,0,0
629,Normal,1,None,16,99.97031,0,0,0,0
630,Normal,0,S2C,7,100.0024,0,10,0,0.1684616
630,Normal,1,S2C,7,99.97166,0,10,0,0.1520263
631,Normal,0,S2C,7,99.97309,0,10,0,0.2307158
631,Normal,1,S2C,0,100.0021,0,0,0,0
632,Normal,0,S2C,4,99.96979,0,10,0,0.1838339
632,Normal,1,S2C,2,100.0026,0,10,0,0.01964637
633,Normal,0,S2C,0,100.0055,0,10,0,0.01081081
633,Normal,1,S2C,0,99.97211,0,10,0,0.01081081
634,Normal,0,S2C,0,100.0028,0,0,0,0
634,Normal,1,S2C,8,99.98208,0,10,0,0.228454
635,Normal,0,S2C,0,100.0036,0,10,0,0.01081081
635,Normal,1,S2C,0,99.97407,0,0,0,0
636,Normal,0,S2C,0,100.0036,0,0,0,0
636,Normal,1,S2C,0,99.98046,0,10,0,0.01085776
637,Normal,0,S2C,0,100.0017,0,10,0,0.01029866
637,Normal,1,S2C,2,99.97639,0,10,0,0.1432005
638,Normal,0,S2C,10,100.0009,0,10,0,0.1740614
638,Normal,1,S2C,11,99.9789,0,10,0,0.2122041
639,Normal,0,S2C,8,100.0024,0,10,0,0.2003952
639,Normal,1,S2C,10,99.97501,0,10,0,0.2572477
640,Normal,0,S2C,0,100.0026,0,0,0,0
640,Normal,1,S2C,0,99.98096,0,10,0,0.01070664
641,Normal,0,S2C,7,99.98269,0,10,0,0.1752795
641,Normal,1,S2C,1,100.0044,0,0,0,0
642,Normal,0,S2C,0,100.0045,0,0,0,0
642,Normal,1,S2C,9,99.97153,0,10,0,0.2266306
643,Normal,0,S2C,11,99.98248,0,10,0,0.2736588
643,Normal,1,S2C,0,100.0014,0,10,0,0.008438818
644,Normal,0,S2C,0,100.0013,0,10,0,0.008833922
644,Normal,1,S2C,8,99.9701,0,10,0,0.2372539
645,Normal,0,S2C,0,100.0027,0,10,0,0.008643042
645,Normal,1,S2C,10,99.96806,0,10,0,0.2457093
646,Normal,0,S2C,8,99.97425,0,10,0,0.2514761
646,Normal,1,S2C,5,100.0031,0,10,0,0.1890319
647,Normal,0,S2C,3,99.96993,0,10,0,0.103393
647,Normal,1,S2C,1,100.0041,0,10,0,0.04951216
648,Normal,0,S2C,9,99.9782,0,10,0,0.2164502
648,Normal,1,S2C,8,99.99973,0,10,0,0.2308803
649,Normal,0,S2C,5,100.0014,0,10,0,0.09869234
649,Normal,1,S2C,10,99.97771,0,10,0,0.2290484
650,Normal,0,S2C,1,100.0021,0,10,0,0.00857633
650,Normal,1,S2C,10,99.97842,0,10,0,0.2756676
651,Normal,0,S2C,9,99.98174,0,10,0,0.2276543
651,Normal,1,S2C,6,100.0041,0,10,0,0.1613234
652,Normal,0,S2C,5,100.0023,0,10,0,0.1011673
652,Normal,1,S2C,15,99.97047,0,10,0,0.3164719
653,Normal,0,S2C,3,100.0032,0,10,0,0.09297439
653,Normal,1,S2C,10,99.97578,0,10,0,0.2591154
654,Normal,0,S2C,8,99.9795,0,10,0,0.2471156
654,Normal,1,S2C,8,99.99963,0,10,0,0.3339628
655,Normal,0,S2C,10,99.97572,0,10,0,0.2205555
655,Normal,1,S2C,1,100.0024,0,10,0,0.0084674
656,Normal,0,S2C,6,99.97575,0,10,0,0.1876306
656,Normal,1,S2C,1,100.0021,0,10,0,0.009337069
657,Normal,0,S2C,1,100.001,0,10,0,0.03649635
657,Normal,1,S2C,7,99.98045,0,10,0,0.1809611
658,Normal,0,S2C,9,99.97446,0,10,0,0.2562831
658,Normal,1,S2C,5,100.0039,0,10,0,0.1004464
659,Normal,0,S2C,0,100.0043,0,0,0,0
659,Normal,1,S2C,8,99.9682,0,10,0,0.2271773
660,Normal,0,ThomasAPF,41,99.96687,2.600001,10,0.1435681,0.3409036
660,Normal,1,ThomasAPF,13,100.0037,2.600001,10,0.0599515,0.1775602
661,Normal,0,ThomasAPF,10,99.99361,2.600001,10,0.1028778,0.3293079
661,Normal,1,ThomasAPF,12,99.981,2.600001,10,0.1005396,0.2998458
662,Normal,0,ThomasAPF,11,99.99712,2.600001,10,0.08971967,0.1975283
662,Normal,1,ThomasAPF,27,99.97538,2.600001,10,0.1340455,0.3111498
663,Normal,0,ThomasAPF,15,99.98888,2.600001,10,0.1399824,0.1592065
663,Normal,1,ThomasAPF,10,100.0018,2.600001,10,0.1032657,0.255117
664,Normal,0,ThomasAPF,60,99.98946,2.600001,10,0.1601591,0.3685093
664,Normal,1,ThomasAPF,6,100.0037,2.600001,10,0.05018808,0.1698484
665,Normal,0,ThomasAPF,78,99.98695,2.600001,10,0.1713801,0.3768733
665,Normal,1,ThomasAPF,66,100.0148,2.600001,10,0.152163,0.3283857
666,Normal,0,ThomasAPF,11,100.0007,2.600001,10,0.09943049,0.2390639
666,Normal,1,ThomasAPF,18,99.97258,2.600001,10,0.1078927,0.3642141
667,Normal,0,ThomasAPF,9,100.0024,2.600001,10,0.09061668,0.2617132
667,Normal,1,ThomasAPF,14,99.98726,2.600001,10,0.1262437,0.2566066
668,Normal,0,ThomasAPF,21,99.98624,2.600001,10,0.114706,0.3688633
668,Normal,1,ThomasAPF,11,100.0023,2.600001,10,0.09630701,0.2008698
669,Normal,0,ThomasAPF,77,99.96429,2.600001,10,0.1703105,0.3699339
669,Normal,1,ThomasAPF,14,100.0051,2.600001,10,0.04423653,0.06380264
670,Normal,0,ThomasAPF,13,100.0065,2.600001,10,0.09309469,0.2189745
670,Normal,1,ThomasAPF,36,99.98472,2.600001,10,0.149854,0.3153086
671,Normal,0,ThomasAPF,29,99.98228,2.600001,10,0.128762,0.2569757
671,Normal,1,ThomasAPF,11,100.0015,2.600001,10,0.09513789,0.2188805
672,Normal,0,ThomasAPF,12,100.0023,2.600001,10,0.08461022,0.1317837
672,Normal,1,ThomasAPF,32,99.97623,2.600001,10,0.1212075,0.2514286
673,Normal,0,ThomasAPF,19,99.98388,2.600001,10,0.1348149,0.2241035
673,Normal,1,ThomasAPF,12,100.0006,2.600001,10,0.07275724,0.170488
674,Normal,0,ThomasAPF,71,99.98928,2.600001,10,0.1684541,0.3423976
674,Normal,1,ThomasAPF,15,99.99848,2.600001,10,0.06738164,0.08489724
675,Normal,0,ThomasAPF,59,99.97536,2.600001,10,0.167784,0.337216
675,Normal,1,ThomasAPF,9,100.0034,2.600001,10,0.05592799,0.1544105
676,Normal,0,ThomasAPF,20,100.0046,2.600001,10,0.111403,0.2704445
676,Normal,1,ThomasAPF,30,99.98247,2.600001,8.571428,0.1491362,0.3304372
677,Normal,0,ThomasAPF,26,100.0017,2.600001,10,0.1019647,0.2287541
677,Normal,1,ThomasAPF,52,99.97658,2.600001,10,0.1579958,0.3447555
678,Normal,0,ThomasAPF,13,100.0034,2.600001,10,0.06355821,0.1230895
678,Normal,1,ThomasAPF,70,99.97626,2.600001,10,0.1694885,0.3550411
679,Normal,0,ThomasAPF,13,100.0084,2.600001,10,0.07591246,0.142162
679,Normal,1,ThomasAPF,27,99.97978,2.600001,10,0.1388114,0.2782064
680,Normal,0,ThomasAPF,9,100.0025,2.600001,10,0.09811326,0.2418063
680,Normal,1,ThomasAPF,17,99.98472,2.600001,10,0.1407712,0.2256338
681,Normal,0,ThomasAPF,34,100.001,2.600001,10,0.1093766,0.217387
681,Normal,1,ThomasAPF,58,99.97459,2.600001,8.571428,0.1607705,0.3417805
682,Normal,0,ThomasAPF,8,100.0025,2.600001,10,0.1135298,0.3532326
682,Normal,1,ThomasAPF,13,99.98827,2.600001,10,0.09997399,0.3006603
683,Normal,0,ThomasAPF,15,100.0024,2.600001,10,0.05581924,0.1530266
683,Normal,1,ThomasAPF,46,99.97779,2.600001,10,0.1527685,0.3535375
684,Normal,0,ThomasAPF,10,100.0046,2.600001,10,0.08978887,0.2795446
684,Normal,1,ThomasAPF,15,99.98397,2.600001,10,0.08332923,0.2169773
685,Normal,0,ThomasAPF,22,99.9946,2.600001,10,0.1104557,0.3248587
685,Normal,1,ThomasAPF,10,100.0005,2.600001,10,0.07611716,0.3047913
686,Normal,0,ThomasAPF,20,100.0135,2.600001,10,0.1105985,0.2602396
686,Normal,1,ThomasAPF,27,99.96954,2.600001,10,0.1274694,0.3419164
687,Normal,0,ThomasAPF,10,100.0093,2.600001,10,0.1048928,0.2413652
687,Normal,1,ThomasAPF,15,99.97282,2.600001,10,0.1264665,0.297568
688,Normal,0,ThomasAPF,6,100.0004,2.600001,10,0.09552721,0.2031036
688,Normal,1,ThomasAPF,20,99.98147,2.600001,10,0.1329074,0.2358132
689,Normal,0,ThomasAPF,68,99.9809,2.600001,10,0.1667431,0.3474903
689,Normal,1,ThomasAPF,13,100.0045,2.600001,10,0.05637505,0.1057959
690,Normal,0,PredRedLPP,10,100.0006,3.766667,10,0.07235632,0.4131364
690,Normal,1,PredRedLPP,10,99.97315,2.600001,10,0.06011494,0.3148194
691,Normal,0,PredRedLPP,3,100.0003,2.600001,10,0.02699266,0.1533124
691,Normal,1,PredRedLPP,59,99.98558,2.95,10,0.1555502,0.4132031
692,Normal,0,PredRedLPP,23,99.97233,2.600001,10,0.1073755,0.3608716
692,Normal,1,PredRedLPP,9,100.0018,2.6,10,0.06780925,0.3055898
693,Normal,0,PredRedLPP,20,99.97073,2.600001,10,0.114335,0.3911666
693,Normal,1,PredRedLPP,7,100.0029,2.600001,10,0.07061143,0.3321359
694,Normal,0,PredRedLPP,32,100.0011,2.600001,10,0.1104915,0.4174005
694,Normal,1,PredRedLPP,43,99.97586,2.833333,10,0.1318494,0.3800825
695,Normal,0,PredRedLPP,28,100.0057,2.600001,10,0.08481324,0.2540144
695,Normal,1,PredRedLPP,61,99.97807,2.600001,10,0.1579817,0.5106403
696,Normal,0,PredRedLPP,23,100.0033,2.600001,10,0.08222988,0.2542563
696,Normal,1,PredRedLPP,59,99.99049,2.657144,10,0.1579337,0.3945914
697,Normal,0,PredRedLPP,9,100.0014,2.600001,8.571428,0.0353461,0.2294031
697,Normal,1,PredRedLPP,37,99.9756,2.600001,10,0.1344643,0.4540271
698,Normal,0,PredRedLPP,7,100.0003,2.600001,10,0.04508482,0.2046007
698,Normal,1,PredRedLPP,63,99.9959,2.600001,10,0.1596581,0.3907943
699,Normal,0,PredRedLPP,29,99.98154,2.600001,10,0.1289109,0.459662
699,Normal,1,PredRedLPP,11,100.0029,2.600001,10,0.0533676,0.2574157
700,Normal,0,PredRedLPP,42,99.97472,2.833334,10,0.1456019,0.3853437
700,Normal,1,PredRedLPP,8,100.0032,2.628572,10,0.05070126,0.2323042
701,Normal,0,PredRedLPP,9,99.97987,2.6,10,0.09866904,0.3828114
701,Normal,1,PredRedLPP,3,100.0044,2.628572,8.333334,0.05114293,0.2956015
702,Normal,0,PredRedLPP,36,100.0051,3.066666,8.571428,0.09728026,0.2949439
702,Normal,1,PredRedLPP,65,99.99001,2.600001,10,0.1625469,0.3925453
703,Normal,0,PredRedLPP,7,100.0028,2.600001,10,0.0624493,0.3597885
703,Normal,1,PredRedLPP,14,99.97833,2.866666,10,0.1012398,0.4702042
704,Normal,0,PredRedLPP,21,99.99396,2.600001,10,0.09112352,0.4069484
704,Normal,1,PredRedLPP,11,99.99932,2.600001,10,0.08891925,0.3643677
705,Normal,0,PredRedLPP,21,99.97012,2.600001,10,0.09171572,0.3917367
705,Normal,1,PredRedLPP,6,100.0008,3.766667,10,0.07681371,0.3509104
706,Normal,0,PredRedLPP,9,100.0033,2.600001,10,0.05097944,0.2811418
706,Normal,1,PredRedLPP,43,99.97095,2.600001,10,0.1472404,0.4049783
707,Normal,0,PredRedLPP,9,100.0013,2.600001,10,0.08472194,0.3239611
707,Normal,1,PredRedLPP,22,99.96875,2.833334,10,0.1047275,0.3623115
708,Normal,0,PredRedLPP,47,99.97518,4,10,0.1455716,0.4233212
708,Normal,1,PredRedLPP,42,100.008,2.833334,10,0.129254,0.4030556
709,Normal,0,PredRedLPP,7,100.0026,2.600001,10,0.06695551,0.3339111
709,Normal,1,PredRedLPP,9,99.97752,3.100001,10,0.06816868,0.3672115
710,Normal,0,PredRedLPP,35,100.0034,2.600001,10,0.106933,0.3574729
710,Normal,1,PredRedLPP,46,99.98244,2.88,7.5,0.135197,0.3284207
711,Normal,0,PredRedLPP,13,99.99917,2.628572,10,0.04910953,0.2324665
711,Normal,1,PredRedLPP,64,99.99033,3.3,8.571428,0.1701525,0.4050977
712,Normal,0,PredRedLPP,32,99.97359,3.066666,10,0.1244705,0.3838608
712,Normal,1,PredRedLPP,17,100.0015,2.600001,10,0.07263964,0.2767722
713,Normal,0,PredRedLPP,6,100.0003,2.600001,10,0.05634513,0.2875336
713,Normal,1,PredRedLPP,21,99.96828,2.833333,10,0.1158672,0.4602706
714,Normal,0,PredRedLPP,61,99.97586,2.600001,10,0.1523037,0.3564262
714,Normal,1,PredRedLPP,57,100.0063,2.600001,8,0.1467751,0.3152
715,Normal,0,PredRedLPP,59,99.97292,2.600001,10,0.1558494,0.4076408
715,Normal,1,PredRedLPP,5,100.002,2.6,10,0.03439386,0.1852318
716,Normal,0,PredRedLPP,5,99.99821,2.600001,10,0.09396771,0.3436604
716,Normal,1,PredRedLPP,10,99.97375,3.333332,10,0.0772232,0.3226375
717,Normal,0,PredRedLPP,57,99.98224,3.333334,10,0.1520176,0.4168018
717,Normal,1,PredRedLPP,42,99.99986,2.600001,10,0.1304291,0.4744738
718,Normal,0,PredRedLPP,8,100.0038,2.600001,10,0.06046297,0.3490079
718,Normal,1,PredRedLPP,25,99.98743,2.600001,10,0.1237765,0.4280424
719,Normal,0,PredRedLPP,25,99.98215,3.066666,10,0.103043,0.3658869
719,Normal,1,PredRedLPP,5,100.0052,2.666666,10,0.05294839,0.2354405
