-3.772516, -0.03602215
-3.772515, -0.036022
-3.772515, -0.0360222
-3.772515, -0.03602194
-3.772515, -0.0360221
-3.772515, -0.03602225
-3.772515, -0.03602225
-3.772515, -0.03602225
-3.772515, -0.03602225
-3.772334, -0.03364809
-3.765473, 0.04701351
-3.754742, 0.163184
-3.742334, 0.2791857
-3.728122, 0.3949803
-3.71211, 0.5105404
-3.6943, 0.6258372
-3.674697, 0.7408432
-3.653304, 0.8555292
-3.630132, 0.9698693
-3.60518, 1.083835
-3.578459, 1.197398
-3.549969, 1.310531
-3.519723, 1.423207
-3.487725, 1.535397
-3.453986, 1.647076
-3.418515, 1.758218
-3.381315, 1.868792
-3.3424, 1.978776
-3.301778, 2.088139
-3.259458, 2.196856
-3.215449, 2.304902
-3.169768, 2.412252
-3.12285, 2.519069
-3.075736, 2.6258
-3.028614, 2.732528
-2.984522, 2.83148
-2.942726, 2.922325
-2.900035, 3.012754
-2.857185, 3.103108
-2.814356, 3.193471
-2.77152, 3.283833
-2.728694, 3.374199
-2.68586, 3.464561
-2.643033, 3.554927
-2.600225, 3.645301
-2.55745, 3.735691
-2.514619, 3.826053
-2.471759, 3.916403
-2.428589, 4.006605
-2.384378, 4.096299
-2.338974, 4.185393
-2.292384, 4.273874
-2.244613, 4.361724
-2.195677, 4.448929
-2.145579, 4.535474
-2.094334, 4.621344
-2.041941, 4.706519
-1.98993, 4.788658
-1.974907, 4.812023
-1.974907, 4.812022
-1.974907, 4.812022
-1.974907, 4.812023
-1.974906, 4.812023
-1.974906, 4.812023
-1.974906, 4.812023
-1.974907, 4.812023
-1.974907, 4.812023
-1.974907, 4.812023
-1.974906, 4.812024
-1.974907, 4.812024
-1.974907, 4.812023
-1.974907, 4.812023
-1.974907, 4.812023
-1.974907, 4.812023
-1.974907, 4.812025
-1.974907, 4.812024
-1.974907, 4.812024
-1.974907, 4.812024
-1.974908, 4.812024
-1.974907, 4.812024
-1.974829, 4.809644
-1.972387, 4.728729
-1.970013, 4.612088
-1.968256, 4.495436
-1.965875, 4.378796
-1.961885, 4.262199
-1.957055, 4.145633
-1.952183, 4.029067
-1.947315, 3.9125
-1.942446, 3.795934
-1.937578, 3.679367
-1.932713, 3.562799
-1.927847, 3.446231
-1.922982, 3.329662
-1.917789, 3.213108
-1.911246, 3.096622
-1.903609, 2.980203
-1.894564, 2.863887
-1.884408, 2.747659
-1.872884, 2.63156
-1.860206, 2.515581
-1.845796, 2.399803
-1.829592, 2.284263
-1.811993, 2.168928
-1.793653, 2.053707
-1.775141, 1.938513
-1.756629, 1.82332
-1.738117, 1.708126
-1.719615, 1.592931
-1.701568, 1.477661
-1.685099, 1.362156
-1.670428, 1.24641
-1.657561, 1.13045
-1.646464, 1.014309
-1.63635, 0.8980669
-1.626307, 0.7818149
-1.61634, 0.6655561
-1.607387, 0.5492256
-1.600218, 0.4327746
-1.59486, 0.3162259
-1.591329, 0.1996081
-1.589608, 0.08294939
-1.589714, -0.03372002
-1.591632, -0.1503786
-1.595361, -0.2669921
-1.600914, -0.3835282
-1.608276, -0.4999675
-1.61745, -0.6162781
-1.628443, -0.732429
-1.641252, -0.8483905
-1.65586, -0.9641443
-1.672277, -1.079655
-1.690493, -1.194897
-1.710492, -1.309843
-1.732279, -1.424462
-1.755859, -1.538724
-1.781206, -1.652609
-1.808324, -1.766087
-1.83721, -1.879128
-1.867863, -1.991699
-1.90027, -2.103779
-1.934408, -2.215343
-1.970285, -2.326361
-2.007851, -2.43682
-2.04636, -2.54696
-2.084936, -2.657074
-2.123715, -2.767112
-2.16345, -2.87681
-2.203497, -2.986397
-2.243545, -3.095984
-2.283597, -3.205569
-2.323662, -3.315148
-2.363714, -3.424732
-2.403764, -3.534323
-2.443811, -3.643909
-2.483857, -3.753497
-2.524037, -3.863032
-2.56534, -3.97214
-2.608324, -4.080602
-2.653004, -4.188371
-2.699354, -4.295442
-2.747376, -4.401772
-2.797047, -4.50734
-2.848365, -4.612111
-2.901301, -4.716076
-2.94454, -4.798252
-2.947906, -4.804554
-2.947905, -4.804553
-2.947905, -4.804554
-2.947905, -4.804553
-2.947905, -4.804554
-2.947905, -4.804553
-2.947905, -4.804554
-2.947905, -4.804553
-2.947904, -4.804553
-2.947905, -4.804553
-2.947905, -4.804553
-2.947905, -4.804553
-2.947904, -4.804552
-2.947905, -4.804553
-2.947905, -4.804552
-2.947905, -4.804552
-2.947905, -4.804551
-2.947905, -4.804552
-2.947905, -4.804552
-2.948227, -4.780745
-2.949211, -4.67123
-2.949092, -4.554565
-2.948744, -4.4379
-2.948412, -4.321235
-2.948063, -4.204571
-2.947074, -4.087914
-2.944394, -3.971282
-2.939891, -3.854706
-2.933571, -3.738215
-2.925432, -3.621835
-2.915476, -3.505597
-2.903702, -3.38953
-2.890119, -3.273659
-2.874724, -3.158015
-2.857527, -3.042625
-2.838531, -2.927521
-2.817735, -2.812727
-2.795146, -2.698273
-2.77077, -2.584187
-2.74461, -2.470495
-2.716676, -2.357227
-2.686976, -2.244408
-2.65551, -2.132068
-2.622288, -2.020236
-2.587322, -1.908937
-2.550613, -1.7982
-2.512172, -1.688052
-2.472009, -1.57852
-2.430133, -1.469632
-2.386549, -1.361416
-2.341272, -1.253898
-2.294312, -1.147104
-2.245679, -1.041062
-2.195381, -0.9357992
-2.143428, -0.8313434
-2.089831, -0.7277199
-2.034602, -0.6249576
-1.977751, -0.5230846
-1.919298, -0.4221214
-1.859787, -0.321775
-1.800159, -0.2214957
-1.740522, -0.1212227
-1.680882, -0.02095143
-1.621258, 0.07932959
-1.561788, 0.179703
-1.502791, 0.2803509
-1.443833, 0.3810218
-1.384874, 0.4816934
-1.325917, 0.5823646
-1.266954, 0.683039
-1.207991, 0.7837121
-1.149032, 0.8843853
-1.090108, 0.9850802
-1.031889, 1.086181
-0.9751873, 1.188136
-0.9200777, 1.290961
-0.8665774, 1.394633
-0.8146971, 1.499124
-0.7644491, 1.604413
-0.7158471, 1.71047
-0.6689017, 1.81727
-0.6236225, 1.924789
-0.5800222, 2.033
-0.5374897, 2.141635
-0.4938945, 2.249845
-0.4486166, 2.357364
-0.4017371, 2.464197
-0.3541152, 2.570701
-0.3064608, 2.677187
-0.2588055, 2.783677
-0.211152, 2.890168
-0.1634972, 2.996659
-0.1158421, 3.103148
-0.06818709, 3.209636
-0.02053215, 3.316124
0.02712181, 3.422613
0.07477578, 3.5291
0.1224297, 3.635586
0.1700825, 3.742073
0.2177384, 3.848562
0.2652728, 3.955102
0.3117299, 4.062118
0.356529, 4.16984
0.3996467, 4.278244
0.4410689, 4.387305
0.4807855, 4.496998
0.518793, 4.607296
0.5553267, 4.718091
0.5846218, 4.806205
0.5869136, 4.81297
0.5869137, 4.812971
0.5869142, 4.812971
0.5869142, 4.812972
0.586915, 4.812971
0.5869148, 4.812972
0.5869144, 4.812971
0.586915, 4.812971
0.586914, 4.812971
0.586915, 4.812971
0.5869153, 4.812972
0.5869141, 4.812972
0.5869142, 4.812972
0.5869151, 4.81297
0.5869146, 4.812972
0.5869142, 4.812971
0.5869139, 4.812973
0.5869138, 4.812973
0.5870808, 4.810597
0.5925723, 4.729829
0.5993339, 4.613361
0.6046562, 4.496818
0.6081983, 4.380211
0.6099333, 4.26356
0.6098517, 4.146901
0.6079444, 4.030255
0.6042313, 3.913654
0.5986862, 3.797124
0.5913337, 3.680696
0.5821735, 3.564396
0.5712038, 3.448252
0.5584261, 3.332293
0.5438423, 3.216549
0.5274611, 3.101046
0.5092686, 2.985813
0.4893025, 2.870876
0.4675513, 2.75626
0.4440094, 2.642
0.4186814, 2.52812
0.3915835, 2.414649
0.362724, 2.301613
0.3321126, 2.189039
0.2997471, 2.076961
0.265628, 1.965401
0.2297828, 1.854386
0.1922247, 1.743942
0.1529462, 1.634094
0.1119594, 1.524871
0.06926878, 1.416303
0.02490124, 1.308411
-0.02114813, 1.201223
-0.06885902, 1.094766
-0.1182204, 0.9890639
-0.1692254, 0.8841472
-0.2218681, 0.7800392
-0.2761325, 0.6767622
-0.3319914, 0.5743443
-0.3894286, 0.4728069
-0.4480406, 0.371938
-0.5068443, 0.2711768
-0.5656508, 0.1704183
-0.6244531, 0.06966225
-0.6832606, -0.0310933
-0.7420629, -0.1318545
-0.800867, -0.2326168
-0.8596703, -0.3333773
-0.9184713, -0.4341392
-0.9772746, -0.5348985
-1.036081, -0.6356629
-1.094883, -0.7364253
-1.153698, -0.8371783
-1.213047, -0.9376139
-1.27385, -1.037177
-1.336189, -1.135785
-1.400066, -1.233403
-1.465448, -1.330015
-1.532325, -1.425606
-1.600163, -1.520508
-1.668116, -1.615332
-1.736231, -1.710038
-1.805439, -1.803953
-1.876108, -1.896771
-1.948213, -1.988479
-2.021687, -2.0791
-2.095793, -2.169202
-2.169943, -2.259278
-2.24444, -2.349061
-2.320164, -2.437804
-2.397264, -2.525356
-2.475721, -2.611695
-2.555506, -2.696803
-2.636366, -2.780897
-2.717462, -2.864762
-2.798555, -2.948626
-2.879649, -3.032491
-2.960938, -3.116172
-3.042569, -3.199517
-3.12458, -3.282489
-3.207718, -3.364325
-3.292128, -3.444849
-3.377778, -3.524055
-3.46465, -3.601915
-3.552739, -3.678401
-3.642007, -3.753511
-3.732432, -3.827215
-3.824004, -3.899489
-3.916692, -3.970322
-4.010478, -4.039698
-4.105337, -4.107603
-4.201249, -4.174014
-4.298184, -4.238923
-4.396125, -4.302299
-4.495045, -4.364146
-4.594913, -4.424441
-4.695711, -4.483165
-4.79112, -4.536945
-4.81192, -4.548531
-4.81192, -4.54853
-4.81192, -4.54853
-4.81192, -4.548531
-4.811919, -4.548529
-4.811919, -4.548529
-4.81192, -4.548532
-4.811921, -4.54853
-4.811921, -4.548531
-4.81192, -4.54853
-4.81192, -4.54853
-4.81192, -4.548529
-4.811921, -4.548529
-4.81192, -4.548529
-4.811919, -4.54853
-4.81192, -4.548529
-4.81192, -4.54853
-4.767411, -4.525749
-4.664031, -4.471695
-4.561518, -4.416008
-4.459886, -4.358721
-4.359163, -4.299858
-4.259373, -4.239421
-4.160542, -4.177434
-4.062688, -4.113907
-3.965849, -4.048854
-3.870035, -3.982296
-3.775272, -3.91424
-3.681583, -3.84471
-3.589, -3.773724
-3.497542, -3.701294
-3.407234, -3.62744
-3.318093, -3.552177
-3.230146, -3.475529
-3.143408, -3.397506
-3.057913, -3.318127
-2.973675, -3.237415
-2.89072, -3.155387
-2.809068, -3.072065
-2.728743, -2.987462
-2.649769, -2.901597
-2.572158, -2.814494
-2.495938, -2.726169
-2.421083, -2.636692
-2.347137, -2.546453
-2.274312, -2.455308
-2.2024, -2.363439
-2.131683, -2.27065
-2.061846, -2.177197
-1.993064, -2.082967
-1.925386, -1.987941
-1.858859, -1.892106
-1.793388, -1.795543
-1.729128, -1.698171
-1.665945, -1.600098
-1.603946, -1.501268
-1.543103, -1.401718
-1.482922, -1.301775
-1.421652, -1.202498
-1.358851, -1.104182
-1.294525, -1.006852
-1.228691, -0.9105361
-1.161367, -0.8152612
-1.092567, -0.7210447
-1.022312, -0.6279093
-0.9506112, -0.5358756
-0.877489, -0.4449745
-0.8029602, -0.355224
-0.727043, -0.2666434
-0.6497553, -0.1792533
-0.5711176, -0.0930763
-0.4911451, -0.008136204
-0.4098593, 0.07555018
-0.327286, 0.1579619
-0.2434367, 0.2390772
-0.1583287, 0.3188762
-0.07199063, 0.3973413
0.01555246, 0.4744504
0.1042584, 0.5502157
0.1936251, 0.6252223
0.2830381, 0.7001716
0.3724527, 0.7751192
0.4618731, 0.8500717
0.5512861, 0.925021
0.640706, 0.9999733
0.7301257, 1.074926
0.8195434, 1.149879
0.9089565, 1.22483
0.9983723, 1.299778
1.087792, 1.374731
1.177213, 1.449683
1.266629, 1.524634
1.356042, 1.599581
1.445455, 1.67453
1.534872, 1.749481
1.624293, 1.824434
1.713707, 1.899383
1.80312, 1.974331
1.89254, 2.049283
1.981737, 2.124487
2.069972, 2.200817
2.157005, 2.278511
2.242815, 2.357541
2.327718, 2.437564
2.412474, 2.517746
2.497233, 2.597932
2.581986, 2.678113
2.666744, 2.758299
2.751503, 2.838485
2.83621, 2.918722
2.920218, 2.999676
3.003288, 3.081597
3.086822, 3.163041
3.171407, 3.243398
3.257213, 3.322438
3.34424, 3.400134
3.432472, 3.476463
3.52188, 3.551409
3.612447, 3.624951
3.704151, 3.697075
3.796966, 3.767766
3.890871, 3.837002
3.985841, 3.904762
4.081852, 3.971031
4.178887, 4.035798
4.276927, 4.099048
4.375936, 4.16076
4.475903, 4.220922
4.576791, 4.279521
4.67856, 4.336567
4.778529, 4.391957
4.80966, 4.409458
4.80966, 4.409458
4.80966, 4.409459
4.80966, 4.409459
4.809659, 4.409458
4.809661, 4.409459
4.809659, 4.40946
4.80966, 4.409459
4.809659, 4.409458
4.809659, 4.409459
4.80966, 4.409458
4.80966, 4.40946
4.80966, 4.409459
4.809661, 4.409459
4.809659, 4.40946
4.809659, 4.409459
4.809663, 4.40946
4.807451, 4.408572
4.732285, 4.378538
4.624474, 4.334002
4.517357, 4.287785
4.41098, 4.239909
4.30535, 4.190375
4.200517, 4.139207
4.096506, 4.086413
3.993328, 4.031998
3.891007, 3.975988
3.789565, 3.918391
3.689024, 3.859215
3.58942, 3.798481
3.490785, 3.736203
3.393139, 3.672391
3.296486, 3.607075
3.207666, 3.545096
3.126483, 3.486737
3.046069, 3.427293
2.966469, 3.366781
2.887686, 3.305213
2.809731, 3.242598
2.732472, 3.17911
2.655803, 3.114913
2.579833, 3.04991
2.504354, 2.98432
2.429609, 2.917897
2.355463, 2.850818
2.282061, 2.782915
2.209168, 2.714465
2.137037, 2.645218
2.065084, 2.57579
1.992405, 2.507126
1.918809, 2.439438
1.844313, 2.372748
1.768933, 2.307056
1.692681, 2.242379
1.615555, 2.178725
1.537597, 2.116109
1.458803, 2.054544
1.379199, 1.994036
1.298791, 1.934595
1.217603, 1.876234
1.135636, 1.818966
1.052908, 1.762799
0.9694341, 1.70774
0.8852391, 1.653804
0.8003182, 1.601
0.7147115, 1.549338
0.6284209, 1.498826
0.5414546, 1.44947
0.45384, 1.401286
0.365597, 1.354272
0.2767203, 1.308444
0.1872408, 1.263813
0.0971709, 1.220381
0.006582275, 1.178065
-0.08407626, 1.135885
-0.17428, 1.092738
-0.2641347, 1.048893
-0.3535264, 1.0041
-0.4425412, 0.9585713
-0.5311102, 0.9121652
-0.6192578, 0.8649529
-0.7069721, 0.8169522
-0.7942121, 0.76808
-0.8810396, 0.7184913
-0.9673254, 0.6679826
-1.05323, 0.616816
-1.138574, 0.5647046
-1.223521, 0.5119596
-1.307885, 0.4582831
-1.391838, 0.4039574
-1.475214, 0.3487466
-1.558122, 0.2928436
-1.640464, 0.236122
-1.722281, 0.1786528
-1.803581, 0.1204455
-1.884303, 0.06143245
-1.964536, 0.001760219
-2.044124, -0.05876145
-2.12325, -0.119898
-2.201706, -0.181905
-2.279686, -0.244497
-2.356971, -0.3079504
-2.433762, -0.3719981
-2.509862, -0.4368579
-2.585431, -0.5023459
-2.660352, -0.5685771
-2.734657, -0.6354995
-2.808453, -0.7029765
-2.881984, -0.770752
-2.955044, -0.8390285
-3.027198, -0.908253
-3.09841, -0.9784479
-3.168673, -1.049597
-3.237954, -1.121704
-3.306245, -1.194746
-3.373532, -1.268716
-3.439792, -1.343605
-3.505006, -1.419407
-3.569152, -1.496119
-3.632312, -1.573645
-3.69518, -1.651408
-3.758377, -1.728903
-3.82165, -1.806339
-3.884921, -1.883776
-3.948193, -1.961212
-4.011465, -2.038648
-4.074735, -2.116083
-4.138007, -2.193517
-4.201278, -2.270954
-4.264548, -2.348391
-4.327821, -2.425828
-4.390975, -2.503358
-4.453373, -2.581496
-4.514733, -2.66046
-4.57503, -2.740232
-4.634266, -2.820792
-4.692426, -2.902143
-4.749485, -2.984257
-4.796232, -3.05324
-4.800867, -3.060161
-4.800867, -3.060162
-4.800868, -3.060162
-4.800869, -3.060162
-4.800871, -3.060164
-4.800868, -3.060162
-4.800869, -3.060164
-4.800868, -3.060162
-4.800869, -3.060162
-4.800869, -3.060163
-4.800869, -3.060162
-4.80087, -3.060162
-4.800868, -3.060164
-4.800868, -3.060163
-4.800869, -3.060161
-4.800868, -3.060163
-4.800868, -3.060162
-4.800867, -3.060163
-4.800869, -3.060163
-4.800868, -3.060162
-4.800868, -3.060162
-4.800868, -3.060162
-4.800867, -3.060162
-4.800868, -3.060162
-4.798124, -3.059725
-4.726696, -3.049004
-4.627989, -3.032969
-4.529398, -3.016254
-4.430813, -2.999497
-4.332229, -2.982739
-4.233645, -2.965982
-4.135061, -2.949224
-4.036476, -2.932468
-3.93789, -2.915716
-3.839344, -2.898714
-3.740977, -2.880691
-3.642779, -2.861762
-3.544802, -2.841769
-3.447012, -2.820877
-3.349458, -2.798882
-3.252211, -2.775592
-3.155281, -2.751008
-3.058692, -2.725133
-2.962456, -2.69797
-2.866587, -2.669524
-2.771107, -2.639802
-2.675968, -2.609011
-2.581121, -2.57734
-2.486614, -2.544668
-2.392356, -2.511274
-2.298469, -2.476843
-2.20484, -2.441713
-2.11145, -2.405952
-2.017778, -2.370965
-1.923644, -2.33723
-1.82907, -2.304755
-1.734065, -2.273545
-1.638653, -2.243607
-1.542848, -2.214945
-1.446668, -2.187564
-1.350124, -2.161472
-1.253249, -2.13667
-1.156054, -2.113166
-1.058539, -2.09096
-0.9607404, -2.070054
-0.862677, -2.050456
-0.7643642, -2.032172
-0.6658105, -2.015203
-0.5670394, -1.999547
-0.4680652, -1.985214
-0.3689064, -1.972205
-0.2695851, -1.960518
-0.1701157, -1.950162
-0.07051314, -1.941135
0.02920921, -1.933435
0.1290141, -1.927065
0.228893, -1.922029
0.328839, -1.918291
0.4287965, -1.914862
0.528708, -1.910354
0.628574, -1.904963
0.7283797, -1.898454
0.8281201, -1.891063
0.9277676, -1.88256
1.027344, -1.873176
1.126799, -1.862676
1.226157, -1.851297
1.325378, -1.838806
1.42449, -1.82544
1.52345, -1.810968
1.622276, -1.795622
1.720921, -1.779171
1.819435, -1.761966
1.917775, -1.74372
2.015944, -1.724564
2.1139, -1.704351
2.211696, -1.683323
2.309453, -1.661997
2.407193, -1.640656
2.504917, -1.619303
2.6026, -1.597807
2.700269, -1.576243
2.797938, -1.554678
2.895607, -1.533115
2.993277, -1.511552
3.090946, -1.489988
3.188615, -1.468423
3.286283, -1.446857
3.383953, -1.425295
3.481623, -1.403733
3.579239, -1.381924
3.67662, -1.359059
3.77369, -1.334895
3.870416, -1.309433
3.966799, -1.282679
4.06282, -1.254641
4.15845, -1.225323
4.25368, -1.194728
4.348494, -1.162864
4.442878, -1.129737
4.53681, -1.095348
4.63027, -1.059708
4.72325, -1.022819
4.800369, -0.9911711
4.808063, -0.9879646
4.808066, -0.9879634
4.808064, -0.9879635
4.808062, -0.9879667
4.808064, -0.9879629
4.808064, -0.9879636
4.808063, -0.9879654
4.808063, -0.9879653
4.808063, -0.9879653
4.808063, -0.9879643
4.808063, -0.9879648
4.808062, -0.9879646
4.808062, -0.9879627
4.808063, -0.9879653
4.808064, -0.9879661
4.808061, -0.9879637
4.808061, -0.9879636
4.808064, -0.9879653
4.808067, -0.9879659
4.808065, -0.9879651
4.808063, -0.9879645
4.80529, -0.9881105
4.733147, -0.9916587
4.633235, -0.9962808
4.533321, -1.000584
4.43341, -1.004844
4.333503, -1.009103
4.233582, -1.013363
4.133663, -1.01762
4.03374, -1.021879
3.933831, -1.026141
3.833918, -1.030402
3.73399, -1.034665
3.634066, -1.038927
3.534137, -1.04319
3.434206, -1.047452
3.33428, -1.051715
3.234361, -1.055977
3.134441, -1.060239
3.034523, -1.064501
2.934604, -1.068763
2.834685, -1.073025
2.734761, -1.077288
2.634832, -1.08155
2.534912, -1.085808
2.434993, -1.090067
2.335073, -1.094329
2.235153, -1.098591
2.135223, -1.102854
2.035293, -1.107117
1.935363, -1.111294
1.835411, -1.114641
1.735437, -1.116673
1.635432, -1.11737
1.535421, -1.116809
1.435404, -1.115732
1.335389, -1.114637
1.235373, -1.113542
1.135363, -1.112531
1.035353, -1.112347
0.9353542, -1.113482
0.8353799, -1.115956
0.7354363, -1.119683
0.6355219, -1.124172
0.5356718, -1.129722
0.4358657, -1.136091
0.3361222, -1.143468
0.2365, -1.152176
0.136994, -1.162216
0.0376333, -1.173591
-0.06156029, -1.186294
-0.1605805, -1.200322
-0.259395, -1.215677
-0.3580085, -1.23235
-0.4563843, -1.250343
-0.5545002, -1.269653
-0.652369, -1.290279
-0.749953, -1.312215
-0.8472236, -1.335454
-0.944178, -1.359995
-1.040803, -1.385834
-1.13706, -1.412965
-1.232939, -1.441378
-1.32843, -1.471075
-1.423511, -1.502065
-1.518173, -1.534327
-1.612395, -1.567852
-1.706165, -1.602641
-1.799447, -1.638682
-1.892249, -1.675979
-1.984536, -1.714512
-2.076294, -1.754284
-2.167522, -1.795272
-2.258377, -1.837093
-2.348849, -1.879729
-2.438974, -1.923108
-2.529062, -1.966565
-2.61915, -2.010021
-2.709238, -2.053478
-2.799297, -2.096995
-2.889218, -2.140792
-2.979111, -2.184652
-3.069005, -2.228508
-3.158901, -2.272362
-3.248796, -2.316215
-3.33869, -2.360073
-3.428583, -2.403931
-3.518479, -2.447786
-3.608374, -2.49164
-3.698269, -2.535495
-3.788168, -2.579345
-3.878243, -2.622834
-3.968914, -2.665064
-4.060155, -2.706033
-4.151943, -2.745782
-4.244249, -2.784296
-4.337045, -2.821613
-4.429959, -2.85864
-4.522438, -2.896751
-4.614403, -2.936091
-4.705833, -2.976652
-4.789166, -3.014882
-4.804277, -3.021925
-4.804277, -3.021924
-4.804276, -3.021924
-4.804278, -3.021926
-4.804278, -3.021926
-4.804276, -3.021921
-4.804277, -3.021925
-4.804276, -3.021924
-4.804277, -3.021922
-4.804277, -3.021925
-4.804277, -3.021924
-4.804278, -3.021924
-4.804277, -3.021923
-4.804276, -3.021924
-4.804275, -3.021924
-4.804277, -3.021922
-4.804274, -3.021925
-4.804276, -3.021923
-4.804278, -3.021922
-4.804276, -3.021923
-4.804278, -3.021923
-4.801527, -3.021538
-4.730102, -3.010755
-4.631304, -2.995143
-4.532566, -2.979171
-4.433829, -2.963193
-4.335091, -2.947218
-4.236354, -2.931242
-4.137617, -2.915266
-4.03888, -2.89929
-3.940143, -2.883308
-3.841461, -2.866956
-3.742975, -2.849519
-3.644642, -2.83121
-3.546513, -2.811804
-3.448545, -2.791644
-3.350809, -2.770414
-3.253363, -2.747884
-3.156224, -2.72405
-3.059407, -2.698919
-2.962935, -2.672503
-2.86682, -2.6448
-2.771088, -2.615822
-2.675753, -2.585562
-2.580829, -2.554035
-2.48634, -2.52125
-2.392291, -2.4872
-2.298708, -2.451902
-2.205596, -2.415349
-2.112984, -2.377559
-2.020893, -2.338535
-1.92933, -2.298287
-1.838308, -2.256824
-1.747857, -2.21415
-1.657979, -2.170268
-1.568696, -2.125189
-1.480016, -2.078923
-1.391956, -2.031471
-1.30455, -1.982861
-1.217796, -1.93308
-1.131707, -1.882141
-1.046302, -1.830056
-0.9616129, -1.776841
-0.8776417, -1.722504
-0.7944014, -1.667048
-0.7119029, -1.610483
-0.6301687, -1.55282
-0.5492235, -1.49408
-0.4690616, -1.434263
-0.3897082, -1.373379
-0.3111707, -1.311437
-0.2334596, -1.248446
-0.1565996, -1.184421
-0.08060354, -1.11938
-0.005489358, -1.053337
0.06873827, -0.9862971
0.142063, -0.918273
0.2144736, -0.8492735
0.2859559, -0.7793135
0.3565019, -0.7084002
0.4261082, -0.6365585
0.495283, -0.5643098
0.5651879, -0.492773
0.6360435, -0.4221801
0.7078322, -0.3525378
0.7805403, -0.2838626
0.8541628, -0.2161649
0.9286888, -0.1494515
1.004095, -0.0837417
1.08038, -0.01904239
1.157512, 0.04462904
1.235491, 0.1072663
1.314301, 0.1688593
1.393926, 0.2293919
1.474353, 0.2888558
1.555567, 0.3472424
1.637561, 0.4045386
1.720307, 0.4607323
1.803802, 0.5158184
1.88802, 0.5697829
1.972953, 0.6226171
2.058582, 0.6743121
2.144899, 0.7248632
2.231861, 0.7742853
2.318971, 0.8234308
2.405555, 0.8735192
2.491759, 0.9242325
2.577849, 0.9751517
2.663937, 1.026075
2.750025, 1.076999
2.836112, 1.127922
2.922124, 1.178977
3.007829, 1.230546
3.093457, 1.282238
3.179085, 1.33393
3.264713, 1.385622
3.350341, 1.437316
3.435968, 1.48901
3.521596, 1.540703
3.607224, 1.592395
3.692851, 1.644088
3.778479, 1.695781
3.864107, 1.747474
3.94978, 1.799092
4.035878, 1.850009
4.122635, 1.899786
4.210049, 1.948401
4.298063, 1.995917
4.386089, 2.043436
4.473512, 2.09205
4.560272, 2.141827
4.646367, 2.19276
4.731771, 2.244834
4.802434, 2.289068
4.809473, 2.293527
4.809473, 2.293527
4.809474, 2.293527
4.809476, 2.29353
4.809475, 2.293528
4.809474, 2.29353
4.809475, 2.29353
4.809474, 2.293528
4.809474, 2.293529
4.809474, 2.293528
4.809474, 2.293531
4.809475, 2.29353
4.809475, 2.293527
4.809474, 2.293531
4.809475, 2.29353
4.809476, 2.293528
4.809475, 2.293528
4.809476, 2.293529
4.809474, 2.29353
4.809474, 2.29353
4.809474, 2.29353
4.809473, 2.29353
4.768368, 2.286793
4.669802, 2.269946
4.571331, 2.252478
4.472703, 2.236021
4.373846, 2.220886
4.274796, 2.207069
4.175586, 2.194499
4.076295, 2.182438
3.977004, 2.170379
3.87779, 2.157808
3.778748, 2.143998
3.679899, 2.128866
3.581258, 2.112414
3.482843, 2.094646
3.384668, 2.075566
3.286746, 2.055169
3.189109, 2.033465
3.091779, 2.010459
2.994762, 1.986153
2.898093, 1.960553
2.80178, 1.933663
2.705832, 1.905491
2.610264, 1.876035
2.515087, 1.845305
2.420343, 1.813301
2.326036, 1.78003
2.23217, 1.745503
2.13878, 1.709725
2.045885, 1.672695
1.953501, 1.634431
1.861628, 1.594935
1.770289, 1.554206
1.679509, 1.512262
1.589277, 1.46911
1.499636, 1.424748
1.410597, 1.379191
1.322178, 1.33245
1.234227, 1.284823
1.146009, 1.237693
1.057178, 1.191736
0.9677324, 1.146974
0.8776972, 1.103413
0.7870876, 1.061059
0.6959212, 1.019926
0.6042127, 0.9800265
0.511988, 0.9413591
0.4192504, 0.9039251
0.3260323, 0.8677409
0.2323216, 0.8328125
0.1381563, 0.7991416
0.04353166, 0.766737
-0.05151171, 0.7356048
-0.1469558, 0.7057512
-0.2427921, 0.6771832
-0.3390048, 0.6499017
-0.4355742, 0.6239148
-0.532358, 0.5987353
-0.6289313, 0.5727724
-0.725275, 0.5459272
-0.8213711, 0.5182127
-0.9171904, 0.489529
-1.012753, 0.4600545
-1.108008, 0.4295582
-1.203005, 0.3983293
-1.297668, 0.3660568
-1.392074, 0.333076
-1.486115, 0.2990513
-1.579903, 0.2642961
-1.673313, 0.2285385
-1.766413, 0.1919984
-1.859141, 0.1545258
-1.95152, 0.1161973
-2.043546, 0.07702261
-2.135166, 0.03691481
-2.226434, -0.003959592
-2.317273, -0.04582937
-2.40793, -0.08808602
-2.498555, -0.1304103
