80.00761, -55.24588
80.00761, -55.24588
80.00761, -55.24588
80.00761, -55.24588
80.00761, -55.24588
80.00761, -55.24588
80.00761, -55.24588
80.00761, -55.24588
80.00761, -55.24588
80.00767, -55.19588
80.00793, -55.07918
80.00819, -54.96251
80.00845, -54.84583
80.00869, -54.72916
80.00893, -54.61248
80.00918, -54.49581
80.00941, -54.37912
80.00964, -54.26244
80.00983, -54.14576
80.01003, -54.02911
80.0102, -53.91248
80.01039, -53.79583
80.0106, -53.6792
80.01079, -53.56252
80.01094, -53.44586
80.01109, -53.32923
80.01128, -53.21258
80.01142, -53.09595
80.01156, -52.97929
80.0117, -52.86266
80.01183, -52.74603
80.01198, -52.62935
80.01209, -52.5127
80.01217, -52.3981
80.01207, -52.2958
80.01194, -52.20265
80.01183, -52.11668
80.01179, -52.02486
80.01183, -51.92876
80.01173, -51.84238
80.01162, -51.75639
80.01154, -51.66809
80.01144, -51.5821
80.01133, -51.49611
80.01122, -51.41014
80.01111, -51.32415
80.01102, -51.23817
80.01091, -51.15218
80.01081, -51.0662
80.01071, -50.9691
80.0108, -50.84422
80.01092, -50.71824
80.01102, -50.59227
80.01109, -50.46626
80.01114, -50.3403
80.01115, -50.21433
80.01114, -50.08833
80.01112, -49.96235
80.01107, -49.83638
80.01099, -49.71041
80.0109, -49.60543
80.01089, -49.59493
80.0109, -49.59493
80.0109, -49.59493
80.01089, -49.59492
80.01089, -49.59492
80.01089, -49.59491
80.01089, -49.59492
80.01089, -49.59493
80.0109, -49.59494
80.01093, -49.59495
80.01092, -49.59496
80.01091, -49.59497
80.0109, -49.59499
80.01093, -49.59503
80.01094, -49.59503
80.01093, -49.59504
80.01093, -49.59506
80.01093, -49.59506
80.01093, -49.59507
80.01091, -49.59508
80.01088, -49.59508
80.01087, -49.59507
80.01051, -49.5284
80.00985, -49.4123
80.00963, -49.29721
80.00951, -49.1805
80.00917, -49.06868
80.0086, -48.96783
80.00809, -48.86732
80.00771, -48.7668
80.00739, -48.66628
80.00729, -48.57906
80.0073, -48.56808
80.0073, -48.56808
80.0073, -48.56808
80.0073, -48.56808
80.0073, -48.56808
80.0073, -48.56808
80.0073, -48.56808
80.0073, -48.56808
79.95725, -48.56776
79.8404, -48.5671
79.72353, -48.56647
79.61375, -48.56579
79.51332, -48.56503
79.41288, -48.56424
79.31245, -48.56343
79.21201, -48.56264
79.11158, -48.56186
79.01117, -48.56107
78.91076, -48.56025
78.80745, -48.55943
78.66982, -48.55862
78.52254, -48.55777
78.37534, -48.55698
78.2281, -48.55616
78.08087, -48.55536
77.93359, -48.55454
77.78631, -48.55369
77.63917, -48.55288
77.49205, -48.55206
77.34487, -48.55123
77.19768, -48.55041
77.06848, -48.54969
77.05043, -48.54959
77.05042, -48.5496
77.05041, -48.54962
77.05041, -48.54963
77.05042, -48.54963
77.05043, -48.54964
77.05047, -48.54967
77.0505, -48.54969
77.05049, -48.5497
77.05051, -48.5497
77.05054, -48.54971
77.05055, -48.5497
77.05054, -48.5497
77.05055, -48.54971
77.05058, -48.54969
77.05059, -48.54969
77.0506, -48.54969
77.0506, -48.54968
77.04823, -48.54961
76.96727, -48.54905
76.85763, -48.54811
76.75632, -48.54735
76.64301, -48.54631
76.52636, -48.54521
76.40969, -48.54411
76.29307, -48.54298
76.17644, -48.54187
76.0598, -48.5408
75.94316, -48.5397
75.82652, -48.53864
75.7099, -48.53759
75.59326, -48.53655
75.47662, -48.53549
75.35999, -48.53445
75.24335, -48.53342
75.12671, -48.5324
75.01006, -48.53141
74.89342, -48.53042
74.77679, -48.52945
74.66014, -48.52851
74.54352, -48.52755
74.42686, -48.52662
74.31018, -48.52571
74.19354, -48.52481
74.0769, -48.52396
73.96031, -48.52313
73.84368, -48.52233
73.72704, -48.52156
73.6104, -48.52086
73.49374, -48.52018
73.37706, -48.51954
73.26035, -48.51895
73.14364, -48.51842
73.02693, -48.51797
72.91023, -48.51767
72.86022, -48.51761
72.86022, -48.51761
72.86022, -48.51761
72.86022, -48.51761
72.86022, -48.51761
72.86022, -48.51761
72.86022, -48.51761
72.86022, -48.51761
72.86014, -48.53189
72.85976, -48.63429
72.8594, -48.75097
72.85902, -48.86764
72.85863, -48.98431
72.85824, -49.101
72.85784, -49.21765
72.85744, -49.3343
72.85704, -49.45096
72.85661, -49.56763
72.85619, -49.6843
72.8558, -49.80096
72.8554, -49.91763
72.85496, -50.0343
72.8545, -50.15096
72.85404, -50.26762
72.85358, -50.3843
72.85313, -50.50095
72.85267, -50.61761
72.85223, -50.73425
72.85172, -50.85091
72.85119, -50.96756
72.85066, -51.08421
72.85014, -51.20089
72.84961, -51.31754
72.84907, -51.43422
72.84853, -51.5509
72.84792, -51.66257
72.84718, -51.7632
72.84643, -51.8645
72.84546, -51.97784
72.84441, -52.0945
72.84337, -52.21112
72.84231, -52.32777
72.84127, -52.44443
72.84026, -52.5611
72.83928, -52.67774
72.83828, -52.79439
72.83733, -52.91105
72.83641, -53.02771
72.83557, -53.13736
72.83498, -53.23767
72.83442, -53.33798
72.83385, -53.43863
72.83308, -53.54831
72.83243, -53.65066
72.83186, -53.75101
72.83128, -53.85135
72.83071, -53.95168
72.83012, -54.05204
72.82953, -54.1524
72.82892, -54.25277
72.82833, -54.35309
72.82776, -54.45436
72.82716, -54.5793
72.82702, -54.61237
72.82698, -54.61239
72.827, -54.61239
72.82699, -54.6124
72.82697, -54.6124
72.82698, -54.6124
72.82696, -54.61242
72.82694, -54.61243
72.82693, -54.61243
72.8593, -54.61306
72.95823, -54.61464
73.05852, -54.61618
73.15881, -54.61774
73.2591, -54.61929
73.35941, -54.62086
73.4597, -54.62241
73.57998, -54.62438
73.72694, -54.62697
73.87395, -54.62954
74.02094, -54.63208
74.16792, -54.63456
74.31489, -54.63696
74.46186, -54.63928
74.60883, -54.64145
74.69282, -54.64264
74.69285, -54.64264
74.69286, -54.64264
74.69288, -54.64265
74.69291, -54.64267
74.69293, -54.64268
74.69298, -54.64269
74.69299, -54.64272
74.69299, -54.64274
74.69302, -54.64276
74.69305, -54.64278
74.6931, -54.64283
74.69313, -54.64288
74.69315, -54.64288
74.69316, -54.64292
74.69317, -54.64298
74.69318, -54.64304
74.69318, -54.64309
74.69318, -54.6431
74.69318, -54.64315
74.69312, -54.6432
74.70027, -54.64327
74.79299, -54.64386
74.8429, -54.64411
74.8429, -54.64411
74.8429, -54.64411
74.8429, -54.64411
74.8429, -54.64411
74.8429, -54.64411
74.8429, -54.64411
74.8429, -54.64411
74.84319, -54.6679
74.84397, -54.77735
74.84462, -54.89389
74.84529, -55.01047
74.84603, -55.12705
74.84685, -55.24367
74.8477, -55.36031
74.84853, -55.47694
74.84944, -55.59362
74.85027, -55.71021
74.85099, -55.8267
74.85194, -55.94328
74.85291, -56.05989
74.85383, -56.17649
74.85476, -56.29306
74.85575, -56.40965
74.85665, -56.52616
74.85767, -56.64274
74.85866, -56.75926
74.85969, -56.87584
74.86066, -56.9923
74.86174, -57.10883
74.86283, -57.22537
74.86393, -57.34188
74.86516, -57.45846
74.86642, -57.57503
74.86768, -57.69158
74.86897, -57.80811
74.87035, -57.92469
74.87178, -58.04119
74.87325, -58.1577
74.87482, -58.27424
74.87653, -58.39075
74.87832, -58.50719
74.8798, -58.58797
74.87984, -58.59034
74.87984, -58.59034
74.87984, -58.59034
74.87984, -58.59034
74.87984, -58.59034
74.87984, -58.59034
74.87984, -58.59034
74.88699, -58.59039
74.97974, -58.59071
75.09641, -58.59121
75.21311, -58.59171
75.32973, -58.59211
75.44629, -58.59248
75.56294, -58.59302
75.67957, -58.59346
75.79607, -58.5938
75.91268, -58.5942
76.02932, -58.59469
76.14585, -58.59507
76.26239, -58.59547
76.37901, -58.59597
76.49555, -58.59642
76.61217, -58.59695
76.72884, -58.59755
76.84551, -58.59812
76.96214, -58.59865
77.07872, -58.59916
77.19529, -58.59968
77.3119, -58.60025
77.4284, -58.60076
77.545, -58.60156
77.66154, -58.60269
77.77806, -58.60376
77.89461, -58.60482
78.01109, -58.60581
78.12755, -58.60685
78.244, -58.60787
78.3605, -58.60886
78.47709, -58.60992
78.59362, -58.61097
78.71019, -58.61196
78.82668, -58.61292
78.94322, -58.61392
79.05975, -58.61483
79.17632, -58.61582
79.29289, -58.61677
79.40948, -58.61771
79.52606, -58.61864
79.64264, -58.6196
79.75922, -58.62056
79.87581, -58.62149
79.99237, -58.62248
80.10892, -58.62351
80.22545, -58.62445
80.34203, -58.62539
80.45863, -58.62643
80.5752, -58.62736
80.69177, -58.62827
80.8083, -58.62905
80.92486, -58.62979
81.04142, -58.6306
81.158, -58.63143
81.27464, -58.63226
81.39124, -58.633
81.50785, -58.63365
81.6245, -58.63441
81.7411, -58.63509
81.80774, -58.63534
81.80774, -58.63535
81.80774, -58.63535
81.80774, -58.63535
81.80774, -58.63535
81.80774, -58.63535
81.80774, -58.63535
81.80774, -58.63535
81.80779, -58.62852
81.80819, -58.54651
81.80884, -58.43466
81.80959, -58.31772
81.81037, -58.20081
81.81122, -58.084
81.81203, -57.96726
81.81285, -57.85049
81.81367, -57.73376
81.81451, -57.61712
81.81532, -57.50037
81.81609, -57.38354
81.8169, -57.26675
81.81771, -57.15003
81.8185, -57.03329
81.8193, -56.91662
81.82011, -56.79989
81.82088, -56.68313
81.82169, -56.56641
81.82247, -56.44973
81.82324, -56.33301
81.82402, -56.21627
81.82478, -56.09949
81.82555, -55.98275
81.82632, -55.86604
81.8271, -55.74935
81.82786, -55.63265
81.82861, -55.51589
81.82935, -55.39914
81.83008, -55.28243
81.83077, -55.16571
81.83148, -55.04898
81.83217, -54.93219
81.83285, -54.81543
81.8335, -54.69877
81.83412, -54.58202
81.83472, -54.46522
81.83533, -54.34842
81.83592, -54.2317
81.83653, -54.11495
81.8371, -53.99828
81.83767, -53.88158
81.8382, -53.76496
81.83871, -53.64829
81.83923, -53.53149
81.83974, -53.41479
81.84021, -53.2981
81.8407, -53.18139
81.84113, -53.06504
81.84147, -52.95034
81.84177, -52.8386
81.84184, -52.73787
81.84188, -52.63745
81.84193, -52.53705
81.84198, -52.43664
81.84203, -52.33624
81.84203, -52.23582
81.84203, -52.13445
81.84206, -52.04354
81.84206, -52.0393
81.84204, -52.03927
81.84202, -52.03925
81.84199, -52.03925
81.84197, -52.03924
81.92163, -52.03878
82.06869, -52.03821
82.21577, -52.0375
82.3628, -52.03679
82.5009, -52.03606
82.53091, -52.03589
82.53089, -52.03588
82.53089, -52.03585
82.53089, -52.03582
82.53089, -52.03578
82.5309, -52.03574
82.53091, -52.03573
82.53092, -52.03571
82.53094, -52.03568
82.53094, -52.03567
82.53097, -52.03564
82.53099, -52.03564
82.53102, -52.03562
82.53105, -52.03563
82.53106, -52.03564
82.53108, -52.03563
82.53111, -52.03564
82.53113, -52.03566
82.53352, -52.03566
82.61443, -52.03525
82.73106, -52.03472
82.84767, -52.03419
82.96429, -52.03369
83.08097, -52.03313
83.19762, -52.03253
83.31425, -52.03199
83.43085, -52.03144
83.54749, -52.03085
83.66411, -52.03028
83.7808, -52.0297
83.89739, -52.02905
84.01408, -52.02833
84.13068, -52.02765
84.24732, -52.02698
84.364, -52.02628
84.48064, -52.02556
84.59719, -52.02485
84.71378, -52.02407
84.83032, -52.02332
84.94688, -52.02259
85.06348, -52.0218
85.18005, -52.02099
85.29662, -52.02015
85.41311, -52.01932
85.52968, -52.01844
85.64625, -52.01752
85.76286, -52.01657
85.87946, -52.01563
85.99604, -52.01462
86.11255, -52.01358
86.22909, -52.01248
86.34566, -52.0113
86.46214, -52.01005
86.57867, -52.00864
86.67145, -52.00736
86.67858, -52.00726
86.67858, -52.00726
86.67858, -52.00726
86.67858, -52.00726
86.67858, -52.00726
86.67858, -52.00726
86.67858, -52.00726
86.67858, -52.00726
86.67912, -52.07391
86.67973, -52.19056
86.68031, -52.30724
86.68092, -52.42396
86.68166, -52.54062
86.6823, -52.65729
86.6829, -52.77398
86.68368, -52.89063
86.68446, -53.00727
86.68523, -53.12395
86.68602, -53.24062
86.68672, -53.3573
86.68748, -53.47398
86.68819, -53.59067
86.68891, -53.70733
86.68964, -53.81569
86.69035, -53.91571
86.69109, -54.01572
86.69181, -54.11572
86.69242, -54.21571
86.69312, -54.31573
86.69381, -54.41574
86.69458, -54.51573
86.69526, -54.61572
86.69601, -54.71571
86.69681, -54.81572
86.69756, -54.9157
86.69836, -55.01572
86.69915, -55.11571
86.69987, -55.2157
86.70071, -55.3157
86.70155, -55.41568
86.70239, -55.51567
86.70322, -55.61565
86.70413, -55.71563
86.7051, -55.81559
86.70602, -55.91556
86.707, -56.01554
86.70801, -56.11555
86.70898, -56.21515
86.70989, -56.30499
86.71082, -56.39094
86.71182, -56.47688
86.71284, -56.56282
86.71391, -56.64876
86.71497, -56.7347
86.71603, -56.82064
86.7172, -56.91325
86.71865, -57.03585
86.72024, -57.16187
86.72182, -57.28781
86.72356, -57.41375
86.72562, -57.53965
86.72735, -57.63346
86.72744, -57.63839
86.72744, -57.63838
86.72746, -57.63837
86.72746, -57.63836
86.72747, -57.63834
86.72748, -57.63832
86.72748, -57.63832
86.72748, -57.63832
86.72748, -57.63832
86.72748, -57.63832
86.76517, -57.63866
86.85525, -57.63908
86.95469, -57.63966
87.05453, -57.64027
87.15437, -57.64087
87.25417, -57.64145
87.35398, -57.64206
87.45383, -57.64266
87.55373, -57.64328
87.65356, -57.64391
87.75345, -57.64453
87.85332, -57.64512
87.95327, -57.64573
88.05311, -57.6463
88.15299, -57.64688
88.25289, -57.64747
88.35279, -57.64806
88.45263, -57.64862
88.55253, -57.64919
88.65237, -57.64974
88.7522, -57.65027
88.85215, -57.65085
88.952, -57.65137
89.05184, -57.65184
89.15176, -57.65242
89.25155, -57.65292
89.35141, -57.65345
89.45119, -57.65392
89.55106, -57.65445
89.65097, -57.65498
89.75085, -57.65549
89.85082, -57.65604
89.95065, -57.65652
90.05051, -57.65701
90.1504, -57.65751
90.25034, -57.65805
90.35025, -57.65856
90.45013, -57.65904
90.54999, -57.65953
90.64996, -57.66007
90.74982, -57.66057
90.84972, -57.66109
90.94965, -57.66166
91.04962, -57.66218
91.14957, -57.66272
91.24946, -57.66319
91.3494, -57.66367
91.44926, -57.66408
91.54916, -57.66454
91.64912, -57.66502
91.749, -57.66544
91.84895, -57.6659
91.94891, -57.66637
92.0489, -57.66688
92.1489, -57.6674
92.24893, -57.66799
92.34896, -57.66846
92.44901, -57.66895
92.54899, -57.6694
92.64899, -57.66982
92.749, -57.67028
92.84902, -57.67073
92.94904, -57.67117
93.04904, -57.67156
93.14902, -57.67191
93.24905, -57.67226
93.34906, -57.6727
93.44904, -57.67308
93.54905, -57.67349
93.64905, -57.67378
93.74905, -57.67417
93.84908, -57.67448
93.94913, -57.67482
94.04919, -57.67511
94.14922, -57.67543
94.24924, -57.67569
94.3493, -57.67596
94.44932, -57.6761
94.54937, -57.6761
94.64661, -57.67616
94.67438, -57.6761
94.67438, -57.6761
94.67438, -57.6761
94.67438, -57.6761
94.67438, -57.6761
94.67438, -57.6761
94.67438, -57.6761
94.67438, -57.6761
94.67438, -57.6761
94.67456, -57.68404
94.67584, -57.75716
94.67745, -57.85126
94.67928, -57.95118
94.68107, -58.05107
94.68288, -58.15104
94.68467, -58.25096
94.68641, -58.35088
94.68801, -58.44499
94.68929, -58.53127
94.69089, -58.62725
94.69263, -58.72719
94.69428, -58.82714
94.69593, -58.92707
94.69757, -59.02695
94.69918, -59.12685
94.70074, -59.22672
94.70223, -59.32664
94.7037, -59.4262
94.70484, -59.5159
94.70586, -59.6017
94.70691, -59.68748
94.70734, -59.7209
94.70734, -59.7209
94.70734, -59.7209
94.70734, -59.7209
94.70734, -59.72087
94.70736, -59.72087
94.70737, -59.72087
94.70739, -59.72087
94.7074, -59.72087
94.70739, -59.72087
94.70739, -59.72086
94.75988, -59.72139
94.84818, -59.72198
94.94308, -59.72264
95.02946, -59.72301
95.11545, -59.72337
95.20142, -59.72372
95.28739, -59.72407
95.37338, -59.72443
95.45934, -59.72481
95.54532, -59.72519
95.63131, -59.72558
95.71729, -59.72596
95.8066, -59.72639
95.92593, -59.72731
96.05193, -59.7284
96.17789, -59.72943
96.30387, -59.73055
96.42987, -59.73171
96.48238, -59.73212
96.48241, -59.73212
96.48241, -59.73213
96.4824, -59.73212
96.4824, -59.73211
96.48241, -59.73212
96.48243, -59.73211
96.48243, -59.73213
96.48244, -59.73213
96.48244, -59.73212
96.48244, -59.73211
96.48243, -59.73213
96.48242, -59.73212
96.48242, -59.73211
96.48243, -59.73212
96.48243, -59.73214
96.48243, -59.73212
96.48243, -59.73211
96.48243, -59.73211
96.48244, -59.73212
96.48244, -59.73212
96.48243, -59.73213
96.48243, -59.73212
96.48243, -59.73212
96.48243, -59.73212
96.48243, -59.73212
96.49909, -59.73221
96.59076, -59.73279
96.68493, -59.73341
96.7709, -59.73402
96.85686, -59.73463
96.94284, -59.73523
97.02881, -59.73584
97.11478, -59.73645
97.20074, -59.73705
97.28671, -59.73766
97.37268, -59.73827
97.45865, -59.73889
97.54462, -59.7395
97.63059, -59.74012
97.71656, -59.74072
97.80252, -59.74134
97.88849, -59.74195
97.97446, -59.74257
98.06042, -59.74318
98.14639, -59.7438
98.23236, -59.7444
98.31833, -59.74501
98.4043, -59.74565
98.49026, -59.74625
98.57624, -59.74688
98.66221, -59.74749
98.74818, -59.74812
98.83414, -59.74874
98.92011, -59.74937
99.00607, -59.75
99.09205, -59.75063
99.17802, -59.75125
99.26632, -59.75189
99.36511, -59.75274
99.46512, -59.75331
99.56515, -59.75376
99.66517, -59.75424
99.76519, -59.75474
99.8652, -59.75526
99.96521, -59.7558
100.0652, -59.75635
100.1652, -59.75692
100.2652, -59.75752
100.3652, -59.75816
100.4651, -59.75883
100.5651, -59.75955
100.6651, -59.76033
100.765, -59.7612
100.865, -59.76218
100.9233, -59.76283
100.9233, -59.76283
100.9233, -59.76283
100.9233, -59.76283
100.9233, -59.76283
100.9233, -59.76283
100.9233, -59.76283
100.9233, -59.76283
100.9233, -59.76283
100.9233, -59.76283
100.9238, -59.72117
100.9249, -59.62119
100.9259, -59.52118
100.9269, -59.42116
100.928, -59.32114
100.929, -59.22114
100.9301, -59.12111
100.9312, -59.02111
100.9323, -58.9211
100.9333, -58.8211
100.9344, -58.72111
100.9355, -58.62108
100.9367, -58.52109
100.9378, -58.4211
100.9389, -58.32113
100.9401, -58.22114
100.9412, -58.12114
100.9424, -58.02114
100.9436, -57.92117
100.9448, -57.82117
100.946, -57.72116
100.9473, -57.62118
100.9485, -57.5212
100.9498, -57.42122
100.9511, -57.3251
100.9524, -57.23873
100.9538, -57.15274
100.9551, -57.06636
100.9564, -56.97026
100.9578, -56.87024
100.9592, -56.77025
100.9606, -56.67844
100.9621, -56.59247
100.963, -56.54425
100.9629, -56.54465
100.9629, -56.54465
100.9629, -56.54465
100.9629, -56.54465
100.9629, -56.54465
100.9629, -56.54466
100.9629, -56.54466
100.9629, -56.54466
100.9629, -56.54466
100.9375, -56.54436
100.8508, -56.54359
100.752, -56.54257
100.652, -56.5415
100.5521, -56.54045
100.4521, -56.53939
100.3522, -56.53834
100.2522, -56.5373
100.1522, -56.53626
100.0522, -56.53523
99.95227, -56.53423
99.85229, -56.53322
99.75234, -56.53222
99.65237, -56.53122
99.5524, -56.53022
99.45242, -56.52922
99.35246, -56.52821
99.25253, -56.52725
99.15257, -56.52629
99.0526, -56.52532
98.95263, -56.52435
98.85266, -56.52339
98.75269, -56.52245
98.65269, -56.52153
98.55271, -56.52059
98.45274, -56.51966
98.35276, -56.51874
98.25281, -56.51783
98.15283, -56.51691
98.05288, -56.51599
97.9529, -56.51509
97.85291, -56.51418
97.75293, -56.5133
97.65295, -56.51244
97.55297, -56.51158
97.45297, -56.51071
97.35302, -56.50986
97.25305, -56.50903
97.15308, -56.50821
97.0531, -56.50739
96.95896, -56.50668
96.87299, -56.5062
96.78702, -56.50571
96.70104, -56.50522
96.61507, -56.50472
96.52909, -56.50423
96.44309, -56.50377
96.35709, -56.50328
96.27112, -56.50279
96.18182, -56.50226
96.0625, -56.50136
95.93655, -56.50038
95.8106, -56.49945
95.68462, -56.49858
95.55868, -56.49779
95.43268, -56.49707
95.30664, -56.49648
95.19944, -56.49615
95.18677, -56.49612
95.18679, -56.49611
95.18679, -56.49611
95.18682, -56.4961
95.18682, -56.49611
95.18684, -56.49609
95.18661, -56.44722
95.18627, -56.32196
95.18583, -56.19598
95.18542, -56.07001
95.18501, -55.94753
95.18491, -55.91254
95.18491, -55.91253
95.18488, -55.91254
95.18488, -55.91254
95.18488, -55.91253
95.18485, -55.91252
95.18485, -55.91251
95.18485, -55.91251
95.18485, -55.91251
95.18485, -55.91249
95.18487, -55.91249
95.18487, -55.91249
95.18487, -55.91249
95.18485, -55.91248
95.18487, -55.91246
95.18488, -55.91246
95.1849, -55.91243
95.18491, -55.91243
95.18491, -55.91242
95.1849, -55.9124
95.18488, -55.91238
95.18491, -55.91238
95.18465, -55.87063
95.18424, -55.7705
95.18375, -55.67038
95.1833, -55.57028
95.18284, -55.4702
95.1824, -55.37009
95.18195, -55.27001
95.1815, -55.16993
95.18107, -55.06984
95.18069, -54.96974
95.18024, -54.86961
95.17987, -54.76955
95.17951, -54.66953
95.17912, -54.56944
95.17868, -54.4693
95.17822, -54.3692
95.17774, -54.26909
95.17728, -54.16891
95.17681, -54.06884
95.17638, -53.96874
95.17594, -53.8686
95.17551, -53.76849
95.17512, -53.6684
95.17472, -53.56837
95.17435, -53.46834
95.1739, -53.36824
95.17347, -53.26828
95.173, -53.16826
95.17251, -53.06812
95.17204, -52.96807
95.17155, -52.86792
95.17101, -52.7677
95.17059, -52.66769
95.1701, -52.56758
95.16962, -52.46755
95.16904, -52.36743
95.16846, -52.26726
95.16794, -52.16707
95.16743, -52.06705
95.1669, -51.96696
95.16635, -51.86691
95.16579, -51.76683
95.16525, -51.66676
95.16467, -51.56665
95.16409, -51.46653
95.16349, -51.36644
95.16293, -51.26641
95.16232, -51.16636
95.16168, -51.06624
95.16103, -50.96617
95.16041, -50.866
95.15976, -50.76593
95.15908, -50.67157
95.15833, -50.58533
95.15751, -50.49908
95.15672, -50.41283
95.15579, -50.31845
95.15472, -50.21837
95.15365, -50.1183
95.15257, -50.01822
95.15164, -49.92048
95.15094, -49.83318
95.1503, -49.74705
95.14977, -49.67642
95.14973, -49.67041
95.14973, -49.67041
95.14973, -49.67041
95.14973, -49.67041
95.14973, -49.67041
95.14973, -49.67041
95.14973, -49.67041
95.14973, -49.67041
95.14973, -49.67041
95.16638, -49.67015
95.25763, -49.66859
95.34748, -49.66713
95.43345, -49.66579
95.51943, -49.66446
95.6054, -49.66314
95.69138, -49.6618
95.77734, -49.66047
95.8633, -49.65911
95.94926, -49.65778
96.03522, -49.65648
96.12118, -49.65517
96.20715, -49.65387
96.29312, -49.65263
96.38143, -49.65131
96.48026, -49.64976
96.58021, -49.6482
96.67975, -49.64671
96.7696, -49.64539
96.85556, -49.64421
96.94152, -49.64311
97.0275, -49.64195
97.11736, -49.64076
97.21695, -49.63925
97.31692, -49.63776
97.41299, -49.63638
97.49934, -49.63518
97.5853, -49.63405
97.67126, -49.63295
97.75723, -49.63184
97.85136, -49.63065
97.95132, -49.62939
98.05127, -49.62819
98.14889, -49.6271
98.236, -49.62626
98.32196, -49.62549
98.4035, -49.62485
98.41975, -49.62471
98.41975, -49.62471
98.41975, -49.62471
98.41975, -49.62471
98.41975, -49.62471
98.41975, -49.62471
98.41975, -49.62471
98.41975, -49.62471
98.41975, -49.62471
98.4199, -49.60916
98.42035, -49.52853
98.42095, -49.43231
98.42167, -49.33224
98.42236, -49.23218
98.42307, -49.13218
98.42381, -49.03206
98.42454, -48.932
98.42529, -48.83202
98.42597, -48.73195
98.42664, -48.63184
98.42728, -48.53178
98.42794, -48.43169
98.42864, -48.33162
98.42935, -48.23156
98.43009, -48.13148
98.43082, -48.03135
98.43153, -47.93124
98.43225, -47.83119
98.43296, -47.73114
98.43362, -47.6311
98.43427, -47.53111
98.43491, -47.43105
98.43555, -47.33099
98.43616, -47.23095
98.43683, -47.13094
98.43748, -47.0309
98.43817, -46.93081
98.43884, -46.83079
98.43948, -46.73076
98.44013, -46.63068
98.44073, -46.53057
98.44135, -46.43045
98.44198, -46.33036
98.4426, -46.23028
98.4432, -46.13033
98.44379, -46.03035
98.44439, -45.93032
98.44492, -45.83035
98.44546, -45.7342
98.44583, -45.64535
98.44632, -45.55037
98.44663, -45.46395
98.44681, -45.41378
98.44684, -45.41379
98.44681, -45.41379
98.44681, -45.41379
98.4468, -45.41379
98.4468, -45.41378
98.44678, -45.41378
98.44678, -45.41377
98.44678, -45.41377
98.44678, -45.41377
98.44677, -45.41375
98.44678, -45.41376
98.44678, -45.41377
98.44678, -45.41376
98.44678, -45.4138
98.4468, -45.41382
98.4468, -45.41385
98.44681, -45.41385
98.4468, -45.41385
98.4468, -45.41383
98.44681, -45.41383
98.44681, -45.41382
98.4468, -45.41384
98.44681, -45.41384
98.44681, -45.41385
98.44681, -45.41383
98.44681, -45.41384
98.44681, -45.41383
98.44688, -45.38838
98.44714, -45.304
98.44739, -45.21801
98.44764, -45.13202
98.4479, -45.04603
98.44815, -44.96004
98.44839, -44.87404
98.44864, -44.78806
98.44888, -44.70207
98.44913, -44.61607
98.44937, -44.53008
98.44965, -44.44409
98.44994, -44.3581
98.45023, -44.27211
98.45049, -44.18612
98.45078, -44.10013
98.45104, -44.01414
98.45135, -43.92815
98.45163, -43.84215
98.4519, -43.75616
98.45218, -43.67018
98.45245, -43.58418
98.45271, -43.4982
98.45296, -43.4122
98.45325, -43.32621
98.45354, -43.24022
98.45385, -43.15423
98.45414, -43.06824
98.45443, -42.98225
98.45473, -42.89626
98.4551, -42.80637
98.45564, -42.70676
98.45609, -42.60674
98.45632, -42.53451
98.45633, -42.53173
98.45633, -42.53173
98.45633, -42.53173
98.45633, -42.53173
98.45633, -42.53173
98.45633, -42.53173
98.45633, -42.53173
98.45633, -42.53173
98.45634, -42.53173
98.40632, -42.53143
98.28962, -42.53085
98.17294, -42.53027
98.05626, -42.52969
97.93955, -42.52909
97.82288, -42.52848
97.70618, -42.52786
97.58949, -42.52724
97.47279, -42.52663
97.3561, -42.526
97.23939, -42.52537
97.12272, -42.52472
97.00607, -42.52408
96.88944, -42.52344
96.7728, -42.52276
96.65618, -42.52209
96.53954, -42.52143
96.42291, -42.52073
96.30627, -42.52003
96.18964, -42.51931
96.073, -42.5186
95.95635, -42.51788
95.83971, -42.51715
95.72308, -42.51639
95.60645, -42.51563
95.4898, -42.51486
95.37316, -42.51409
95.25652, -42.51329
95.13989, -42.51249
95.02827, -42.51167
94.92767, -42.51075
94.82739, -42.50983
94.72679, -42.50891
94.61715, -42.50801
94.51485, -42.5071
94.41459, -42.50614
94.31429, -42.50521
94.21401, -42.50426
94.11372, -42.50332
94.01344, -42.50237
93.91314, -42.50142
93.81287, -42.50048
93.71258, -42.49954
93.58563, -42.49846
93.43867, -42.49734
93.29173, -42.49613
93.14476, -42.49475
93.02531, -42.49341
93.01447, -42.49326
93.01447, -42.49324
93.01447, -42.49322
93.01447, -42.49321
93.01447, -42.49321
93.01447, -42.49321
93.01447, -42.49321
93.01447, -42.49321
93.01391, -42.47141
93.01158, -42.37291
93.00875, -42.25726
93.00588, -42.14062
93.00304, -42.02398
93.00022, -41.90736
92.99744, -41.79072
92.99465, -41.67408
92.99194, -41.55743
92.98927, -41.44076
92.98664, -41.32413
92.98409, -41.20751
92.98167, -41.09086
