-2.430834, -1.162513
-2.430833, -1.162513
-2.430834, -1.162514
-2.430834, -1.162512
-2.430834, -1.162513
-2.430833, -1.162513
-2.430833, -1.162513
-2.430833, -1.162513
-2.426946, -1.139022
-2.406826, -1.031374
-2.37929, -0.9180409
-2.345186, -0.8065066
-2.304631, -0.6971526
-2.257761, -0.5903488
-2.204742, -0.4864663
-2.145759, -0.3858593
-2.081005, -0.2888535
-2.010697, -0.1957933
-1.935077, -0.1069913
-1.854409, -0.02275956
-1.768966, 0.05661508
-1.679034, 0.1308877
-1.584926, 0.1997757
-1.486953, 0.2630506
-1.385451, 0.3205017
-1.280785, 0.3719318
-1.173285, 0.4171589
-1.063336, 0.4560366
-0.9513001, 0.4884311
-0.8375711, 0.5142435
-0.7225329, 0.5333681
-0.6065675, 0.5457593
-0.4900557, 0.5513668
-0.3734278, 0.5501438
-0.2570737, 0.5421225
-0.1496155, 0.5286749
-0.05121569, 0.5110365
0.04615718, 0.4884743
0.1422981, 0.4610838
0.2369476, 0.4289191
0.3298739, 0.3920611
0.4208412, 0.3506026
0.509626, 0.304652
0.5959887, 0.2543035
0.6797351, 0.1996968
0.7606583, 0.1409805
0.8385117, 0.07827225
0.9131513, 0.01175024
0.9843615, -0.05842574
1.051986, -0.1320658
1.11584, -0.2090029
1.175758, -0.2890434
1.231594, -0.3719872
1.283217, -0.457625
1.330491, -0.5457293
1.373306, -0.6360867
1.41155, -0.7284668
1.445121, -0.8226508
1.473915, -0.9184015
1.497887, -1.015476
1.516984, -1.113628
1.531144, -1.212622
1.540348, -1.312186
1.54454, -1.412097
1.54373, -1.512094
1.537936, -1.611915
1.527126, -1.711347
1.511352, -1.810118
1.490652, -1.907985
1.465096, -2.004678
1.434734, -2.09997
1.399654, -2.193601
1.359927, -2.285361
1.315645, -2.375047
1.266915, -2.462411
1.209232, -2.55411
1.141706, -2.649258
1.068736, -2.740313
0.9905831, -2.826939
0.9075032, -2.908858
0.8197829, -2.985789
0.7277232, -3.057471
0.6316344, -3.123659
0.5318411, -3.184115
0.4286799, -3.238649
0.3225299, -3.287062
0.2137334, -3.329193
0.1026736, -3.364897
-0.01028636, -3.394058
-0.1247554, -3.416561
-0.2403357, -3.432352
-0.3566601, -3.441383
-0.4733132, -3.4436
-0.5898763, -3.438988
-0.7059616, -3.427575
-0.8211774, -3.409395
-0.9351432, -3.384521
-1.047446, -3.353017
-1.157715, -3.31501
-1.265583, -3.270645
-1.37068, -3.22006
-1.472642, -3.163422
-1.571124, -3.100931
-1.665781, -3.032786
-1.756306, -2.959242
-1.842368, -2.880526
-1.923682, -2.796907
-1.999975, -2.708688
-2.070986, -2.616164
-2.136479, -2.519656
-2.19621, -2.41948
-2.249987, -2.315982
-2.297636, -2.209526
-2.338987, -2.100471
-2.373875, -1.989181
-2.402206, -1.876042
-2.423889, -1.76144
-2.438843, -1.645769
-2.447006, -1.529421
-2.44836, -1.412801
-2.442893, -1.296299
-2.43063, -1.180316
-2.411613, -1.065242
-2.385905, -0.9514819
-2.353591, -0.8394168
-2.314785, -0.7294336
-2.269623, -0.6218969
-2.218251, -0.5171807
-2.160851, -0.4156519
-2.097609, -0.3176641
-2.02875, -0.2235375
-1.954504, -0.1335859
-1.875129, -0.04813522
-1.790897, 0.0325316
-1.702084, 0.1081413
-1.609001, 0.1784254
-1.511976, 0.2431418
-1.411336, 0.3020746
-1.307429, 0.3550146
-1.2006, 0.4017837
-1.091235, 0.4422257
-0.9796904, 0.4761989
-0.8663372, 0.5035956
-0.751572, 0.5243311
-0.6357976, 0.5383047
-0.5193952, 0.5454796
-0.402761, 0.5458493
-0.2863109, 0.5393819
-0.1704377, 0.5261072
-0.05555775, 0.5060584
0.05795734, 0.47934
0.1697174, 0.4460177
0.2793197, 0.4061889
0.3863989, 0.3600116
0.4905966, 0.3076571
0.5915605, 0.249292
0.688922, 0.1850956
0.7823706, 0.1153207
0.8715599, 0.04017828
0.9561788, -0.04008213
1.035958, -0.1251573
1.110621, -0.2147724
1.179918, -0.3085871
1.243582, -0.4063255
1.301432, -0.5076168
1.353223, -0.6121298
1.398809, -0.7194997
1.437999, -0.8293621
1.470665, -0.9413579
1.496678, -1.055082
1.515956, -1.170155
1.528453, -1.286143
1.534086, -1.402684
1.532858, -1.519341
1.524715, -1.635741
1.509726, -1.751451
1.487937, -1.866066
1.459423, -1.979179
1.424231, -2.090415
1.382473, -2.199365
1.334295, -2.305613
1.279842, -2.408791
1.219246, -2.508509
1.152662, -2.604335
1.080205, -2.695789
1.013039, -2.773092
0.9362572, -2.857756
0.8531819, -2.939669
0.7654403, -3.016617
0.6733695, -3.088289
0.5772862, -3.154459
0.4775048, -3.214923
0.3743707, -3.269459
0.2682118, -3.3179
0.1594229, -3.360042
0.04837201, -3.395768
-0.06458945, -3.424955
-0.1790533, -3.447489
-0.2946409, -3.46331
-0.4109439, -3.472359
-0.5275816, -3.474602
-0.6441501, -3.470036
-0.7602431, -3.458666
-0.8754683, -3.440535
-0.9894382, -3.415716
-1.101772, -3.3843
-1.212069, -3.34637
-1.319967, -3.302058
-1.425089, -3.25152
-1.527084, -3.194941
-1.625613, -3.13251
-1.72032, -3.064431
-1.810892, -2.99095
-1.897024, -2.912302
-1.978419, -2.828761
-2.054804, -2.740615
-2.125899, -2.648154
-2.191478, -2.551701
-2.251323, -2.451588
-2.30523, -2.348156
-2.353006, -2.241754
-2.394493, -2.132744
-2.429538, -2.021496
-2.458034, -1.908397
-2.479885, -1.793825
-2.495003, -1.678172
-2.50334, -1.561835
-2.504879, -1.445211
-2.499607, -1.328691
-2.487543, -1.212684
-2.468731, -1.097576
-2.443228, -0.983767
-2.411129, -0.8716417
-2.372542, -0.7615815
-2.3276, -0.6539639
-2.276455, -0.549148
-2.219276, -0.4475003
-2.156255, -0.3493507
-2.087615, -0.2550496
-2.013594, -0.1649256
-1.934444, -0.07927196
-1.850424, 0.001601996
-1.76183, 0.07744197
-1.668959, 0.1479786
-1.572134, 0.2129735
-1.471671, 0.2722123
-1.367926, 0.3254812
-1.261246, 0.3726008
-1.152001, 0.4134098
-1.040555, 0.4477736
-0.9272976, 0.4755654
-0.8126193, 0.4967057
-0.6968969, 0.5111116
-0.5805235, 0.5187463
-0.4638812, 0.519595
-0.3473953, 0.5136164
-0.2314875, 0.5008163
-0.1165382, 0.4812779
-0.002894791, 0.4550765
0.1090187, 0.4222837
0.2188238, 0.3830111
0.3261371, 0.3373864
0.4305964, 0.2855532
0.53188, 0.2277295
0.6296086, 0.164097
0.7234553, 0.09486359
0.8130904, 0.02024741
0.8982198, -0.05947384
0.9785633, -0.1440244
1.05384, -0.2331214
1.123778, -0.3264749
1.188142, -0.4237534
1.246705, -0.5246352
1.299286, -0.6287527
1.345737, -0.73575
1.385841, -0.8452913
1.419479, -0.9569751
1.446527, -1.070442
1.466904, -1.185301
1.480529, -1.30117
1.487379, -1.417632
1.487397, -1.534309
1.480624, -1.650763
1.467023, -1.766659
1.446684, -1.881555
1.419681, -1.99505
1.386101, -2.106765
1.346052, -2.216337
1.299667, -2.323391
1.247102, -2.427561
1.188557, -2.52845
1.124218, -2.625752
1.054301, -2.719141
0.9790454, -2.808286
0.8987003, -2.892884
0.8135648, -2.97263
0.7239093, -3.047268
0.6300393, -3.116534
0.5323034, -3.180189
0.4309901, -3.238046
0.3264703, -3.289879
0.2191063, -3.335505
0.1092544, -3.374782
-0.002688742, -3.407564
-0.1163603, -3.433749
-0.2313755, -3.453251
-0.3473363, -3.465997
-0.4638353, -3.471937
-0.58049, -3.471061
-0.6968834, -3.463358
-0.8126165, -3.448852
-0.9273023, -3.427605
-1.04055, -3.399689
-1.151971, -3.36519
-1.261185, -3.324237
-1.367817, -3.276961
-1.471496, -3.223525
-1.571871, -3.164118
-1.668587, -3.098929
-1.761345, -3.028212
-1.849797, -2.952178
-1.933643, -2.8711
-2.012597, -2.785255
-2.086391, -2.694937
-2.154766, -2.600445
-2.217495, -2.502118
-2.274359, -2.400284
-2.325158, -2.295291
-2.369718, -2.187511
-2.407879, -2.077296
-2.439517, -1.96503
-2.46452, -1.8511
-2.482797, -1.735903
-2.494287, -1.619834
-2.49895, -1.503288
-2.496767, -1.386672
-2.487747, -1.270386
-2.471913, -1.154834
-2.449322, -1.040406
-2.420044, -0.9275036
-2.384185, -0.816514
-2.341863, -0.7078229
-2.293209, -0.6018085
-2.238408, -0.4988408
-2.177632, -0.3992858
-2.111092, -0.3034951
-2.039032, -0.2118159
-1.961674, -0.1245387
-1.879285, -0.04199105
-1.792142, 0.03553158
-1.700563, 0.1077335
-1.604845, 0.1743491
-1.505313, 0.2351262
-1.402298, 0.2898041
-1.296158, 0.3381345
-1.187238, 0.3798297
-1.080521, 0.4133675
-0.9798433, 0.4422554
-0.8665789, 0.4700962
-0.7519009, 0.4912663
-0.6361706, 0.5057215
-0.5197803, 0.5134014
-0.4031585, 0.5142722
-0.2866879, 0.5083339
-0.1707605, 0.4956041
-0.05576318, 0.4761414
0.05790459, 0.4499977
0.1698435, 0.4172789
0.279664, 0.3780617
0.3869913, 0.332491
0.4915108, 0.280746
0.5928208, 0.2229632
0.6906121, 0.1593982
0.7845159, 0.09022214
0.8742254, 0.01568657
0.9594167, -0.06396459
1.039823, -0.1484427
1.115162, -0.2374766
1.185182, -0.3307497
1.249635, -0.4279752
1.308319, -0.5287887
1.361005, -0.6328632
1.407531, -0.7398316
1.447759, -0.8493145
1.481523, -0.9609773
1.508728, -1.074401
1.529248, -1.189234
1.543021, -1.305097
1.550025, -1.421544
1.550213, -1.538206
1.543601, -1.654683
1.530214, -1.77055
1.510084, -1.885444
1.483268, -1.998973
1.449868, -2.11076
1.409992, -2.220419
1.363819, -2.327534
1.311435, -2.431803
1.253076, -2.53281
1.1889, -2.630277
1.119142, -2.723837
1.044016, -2.813196
0.9638433, -2.897976
0.8788816, -2.977916
0.7893656, -3.052776
0.6956364, -3.12228
0.5980186, -3.186184
0.4968328, -3.244294
0.3924369, -3.296386
0.2851749, -3.342299
0.1754303, -3.381853
0.06354827, -3.41496
-0.05007292, -3.441473
-0.1650356, -3.461289
-0.2809412, -3.474347
-0.3974029, -3.480614
-0.5140457, -3.480087
-0.6304538, -3.472746
-0.7462276, -3.458609
-0.8609913, -3.437753
-0.9743363, -3.410238
-1.085876, -3.37615
-1.19525, -3.335619
-1.302058, -3.288751
-1.405954, -3.235739
-1.506575, -3.176753
-1.603585, -3.112001
-1.696643, -3.041689
-1.785424, -2.966046
-1.869639, -2.885351
-1.94901, -2.799887
-2.023257, -2.709939
-2.092117, -2.615804
-2.155361, -2.517805
-2.21277, -2.416279
-2.264158, -2.311575
-2.309348, -2.204056
-2.34818, -2.094078
-2.380535, -1.982024
-2.406284, -1.868267
-2.425341, -1.753203
-2.437644, -1.637224
-2.44316, -1.520723
-2.441858, -1.4041
-2.43375, -1.287751
-2.418858, -1.172074
-2.397234, -1.057463
-2.368953, -0.9443118
-2.334114, -0.8330107
-2.292838, -0.7239324
-2.245258, -0.617447
-2.191541, -0.513926
-2.131871, -0.4137225
-2.066447, -0.3171629
-1.995497, -0.2245949
-1.919262, -0.1363344
-1.837998, -0.05268121
-1.751991, 0.02608441
-1.661528, 0.0997012
-1.566925, 0.1679066
-1.468498, 0.2304648
-1.366599, 0.2871535
-1.261549, 0.3377993
-1.153726, 0.3822217
-1.043484, 0.4202666
-0.9312207, 0.4517931
-0.8173106, 0.4767073
-0.7021362, 0.4949276
-0.5860947, 0.506381
-0.4695792, 0.5110398
-0.3530065, 0.5088647
-0.2367483, 0.4998811
-0.1212125, 0.4841234
-0.006779501, 0.4616474
0.106138, 0.4325189
0.217147, 0.3968208
0.325892, 0.3546944
0.431999, 0.3062956
0.5351009, 0.2517844
0.6348391, 0.1913439
0.7308728, 0.1251756
0.8228832, 0.05351787
0.9105468, -0.02340122
0.9935531, -0.1053263
1.071627, -0.1919713
1.144496, -0.2830459
1.211923, -0.3782284
1.273663, -0.4771864
1.329527, -0.5795873
1.379288, -0.6851026
1.422798, -0.7933453
1.459886, -0.9039411
1.490445, -1.016522
1.514348, -1.130719
1.531495, -1.246142
1.541912, -1.362331
1.545512, -1.478935
1.542296, -1.59553
1.532244, -1.711757
1.515389, -1.8272
1.491777, -1.941482
1.461518, -2.054177
1.424716, -2.164895
1.381464, -2.273293
1.331956, -2.378937
1.276359, -2.481495
1.214821, -2.580637
1.14759, -2.675977
1.07485, -2.767238
0.9968739, -2.85407
0.9139506, -2.936161
0.8263429, -3.01322
0.7343444, -3.085018
0.6383021, -3.151258
0.5385547, -3.211715
0.435396, -3.266199
0.3292122, -3.314511
0.2203602, -3.356468
0.1092215, -3.391935
-0.003830627, -3.420756
-0.118353, -3.442813
-0.2340205, -3.45807
-0.3503831, -3.466397
-0.4670284, -3.467762
-0.5835519, -3.462133
-0.6995034, -3.449458
-0.8144552, -3.429731
-0.9279626, -3.402868
-1.028538, -3.373539
-1.135374, -3.340284
-1.244762, -3.299779
-1.351606, -3.252958
-1.455532, -3.199987
-1.55617, -3.141034
-1.653193, -3.0763
-1.746276, -3.006009
-1.835091, -2.930411
-1.919335, -2.849753
-1.998744, -2.764319
-2.073032, -2.674403
-2.141953, -2.580316
-2.205257, -2.482355
-2.262734, -2.38087
-2.314194, -2.276199
-2.359461, -2.168707
-2.398374, -2.058756
-2.430796, -1.94672
-2.456627, -1.832977
-2.475779, -1.717916
-2.48818, -1.601947
-2.493793, -1.485444
-2.492594, -1.368817
-2.484599, -1.252453
-2.469825, -1.136759
-2.448328, -1.022132
-2.422482, -0.9169493
-2.393525, -0.8212593
-2.359818, -0.7271376
-2.32144, -0.6348138
-2.278492, -0.5445223
-2.231078, -0.4564956
-2.179325, -0.3709499
-2.123355, -0.2881068
-2.063316, -0.2081672
-1.999351, -0.131336
-1.931622, -0.05779535
-1.860295, 0.01226396
-1.785549, 0.07866281
-1.70759, 0.1412365
-1.626599, 0.1998283
-1.54277, 0.2543029
-1.456326, 0.3045139
-1.367477, 0.3503424
-1.276446, 0.3916649
-1.183468, 0.4283861
-1.08878, 0.4603942
-0.9926038, 0.4876299
-0.8951795, 0.5100152
-0.7967573, 0.5275002
-0.6975791, 0.540041
-0.5978872, 0.5476024
-0.4979414, 0.5501747
-0.3980114, 0.5477227
-0.2983052, 0.5402923
-0.1990893, 0.5278917
-0.1006486, 0.5105128
-0.003191089, 0.4882436
0.09302906, 0.4611147
0.1877696, 0.4291871
0.2807923, 0.3925688
0.3718618, 0.351348
0.4607476, 0.3056084
0.5472411, 0.2554795
0.6311197, 0.2010878
0.7121741, 0.1425651
0.7902181, 0.08007041
0.8650206, 0.01374376
0.9364225, -0.05624377
1.004245, -0.1297086
1.068279, -0.2064982
1.128396, -0.2864006
1.184442, -0.3692076
1.236259, -0.4547185
1.283749, -0.5427101
1.326789, -0.6329625
1.365253, -0.7252528
1.399035, -0.8193671
1.428079, -0.9150425
1.452296, -1.012053
1.471623, -1.11016
1.486011, -1.209122
1.495456, -1.308674
1.499889, -1.40857
1.499321, -1.508563
1.493742, -1.608415
1.483169, -1.707857
1.467648, -1.806634
1.447195, -1.904525
1.421854, -2.001289
1.391706, -2.096672
1.356836, -2.190394
1.317327, -2.282252
1.273264, -2.37202
1.224753, -2.459471
1.171915, -2.544385
1.114895, -2.626555
1.053839, -2.705751
0.9888787, -2.781814
0.9202034, -2.854521
0.8479776, -2.923682
0.7723594, -2.98916
0.6935603, -3.050765
0.6117715, -3.108351
0.52722, -3.161762
0.4401162, -3.210855
0.3506732, -3.25553
0.2590876, -3.295666
0.1655967, -3.331182
0.07045351, -3.361973
-0.02611225, -3.387957
-0.1238548, -3.409067
-0.2225261, -3.425264
-0.3218974, -3.436496
-0.4217053, -3.442739
-0.5217002, -3.443971
-0.6216109, -3.440185
-0.7212089, -3.43141
-0.8202489, -3.417662
-0.9184824, -3.398969
-1.015643, -3.375364
-1.111505, -3.34693
-1.205813, -3.313731
-1.298335, -3.275844
-1.388848, -3.233371
-1.477121, -3.186424
-1.562925, -3.135099
-1.646045, -3.079541
-1.726274, -3.019881
-1.803423, -2.956284
-1.877282, -2.888904
-1.947667, -2.817899
-2.01441, -2.743465
-2.077339, -2.665785
-2.136296, -2.585044
-2.191127, -2.501445
-2.241709, -2.4152
-2.287905, -2.326526
-2.32959, -2.23565
-2.366672, -2.142803
-2.399059, -2.048221
-2.426651, -1.952131
-2.449392, -1.854769
-2.467232, -1.756387
-2.480109, -1.65724
-2.488007, -1.557571
-2.490891, -1.457635
-2.48876, -1.357678
-2.481617, -1.257957
-2.469487, -1.158722
-2.452393, -1.060218
-2.430378, -0.9626984
-2.403495, -0.8664044
-2.371816, -0.7715746
-2.335418, -0.6784577
-2.294391, -0.5872857
-2.248839, -0.4982819
-2.198885, -0.4116828
-2.144643, -0.3276968
-2.086254, -0.2465417
-2.023863, -0.1684258
-1.95763, -0.09353473
-1.88772, -0.0220583
-1.814303, 0.04580663
-1.737579, 0.109892
-1.657729, 0.1700538
-1.574949, 0.226119
-1.489471, 0.2779494
-1.401483, 0.3254178
-1.311218, 0.3683998
-1.218904, 0.4067886
-1.124794, 0.4404773
-1.029109, 0.469383
-0.9320741, 0.4934462
-0.8339539, 0.5125852
-0.7350003, 0.526742
-0.6354534, 0.5359074
-0.5355521, 0.5400553
-0.4355767, 0.5391603
-0.3357841, 0.5332194
-0.2364266, 0.5222375
-0.1377483, 0.5062535
-0.03999815, 0.4852918
0.05657599, 0.4594069
0.1516914, 0.4286543
0.2451122, 0.3931199
0.3366147, 0.3528983
0.4259603, 0.308069
0.5128964, 0.2587418
0.5971875, 0.2050151
0.6786333, 0.1470451
0.7569937, 0.08494836
0.8320063, 0.01885283
0.9033988, -0.05113153
0.9708747, -0.1249101
1.025285, -0.1880198
1.089266, -0.2648529
1.149412, -0.3447287
1.205462, -0.4275346
1.257321, -0.5130236
1.304847, -0.6010018
1.347918, -0.6912358
1.386428, -0.7835049
1.42027, -0.8776083
1.449352, -0.9732973
1.473617, -1.070316
1.492977, -1.168443
1.507384, -1.267433
1.516868, -1.366982
1.521382, -1.466868
1.520875, -1.566866
1.515366, -1.666707
1.504875, -1.766156
1.489422, -1.864958
1.469023, -1.962874
1.44373, -2.059663
1.413646, -2.155055
1.378837, -2.248826
1.339391, -2.340727
1.295391, -2.430548
1.24691, -2.518098
1.194149, -2.603071
1.137194, -2.685306
1.0762, -2.764579
1.01131, -2.840707
0.9427132, -2.913481
0.8705332, -2.982749
0.7950096, -3.048293
0.7162952, -3.109993
0.634588, -3.167671
0.5500999, -3.22118
0.4630527, -3.270395
0.373643, -3.315189
0.2821033, -3.355468
0.1886678, -3.391115
0.09356436, -3.422037
-0.002961256, -3.448166
-0.1006767, -3.469436
-0.1993365, -3.485781
-0.2986926, -3.497184
-0.3984756, -3.503577
-0.4984677, -3.504985
-0.5984049, -3.501387
-0.6980036, -3.492767
-0.7970522, -3.47918
-0.8953114, -3.460672
-0.992526, -3.437281
-1.088434, -3.409024
-1.182811, -3.376014
-1.275416, -3.338323
-1.366022, -3.296044
-1.45439, -3.249284
-1.540314, -3.198159
-1.623576, -3.142797
-1.703969, -3.083348
-1.781277, -3.01994
-1.855314, -2.952748
-1.925887, -2.881929
-1.992827, -2.807665
-2.055971, -2.730143
-2.115156, -2.64957
-2.17024, -2.566138
-2.221082, -2.480049
-2.267548, -2.391517
-2.30952, -2.300776
-2.346904, -2.20805
-2.379597, -2.113565
-2.407521, -2.017565
-2.430602, -1.920282
-2.448791, -1.82197
-2.462034, -1.722872
-2.4703, -1.623233
-2.473571, -1.523308
-2.471832, -1.423349
-2.465094, -1.323595
-2.453373, -1.224306
-2.436697, -1.125724
-2.415111, -1.028105
-2.388662, -0.9316828
-2.357422, -0.8367123
-2.321465, -0.7434158
-2.280889, -0.6520393
-2.23579, -0.5628029
-2.186283, -0.4759456
-2.132488, -0.3916666
-2.074552, -0.3101889
-2.012606, -0.2317132
-1.946811, -0.1564422
-1.877334, -0.08456137
-1.804342, -0.0162441
-1.728026, 0.04831919
-1.648574, 0.1089865
-1.56618, 0.1656019
-1.48106, 0.2180237
-1.393427, 0.2661196
-1.303497, 0.3097608
-1.211493, 0.3488407
-1.117632, 0.3832773
-1.022184, 0.4129632
-0.9253709, 0.4378284
-0.8274177, 0.4578257
-0.7285885, 0.4728951
-0.6291326, 0.483001
-0.5292926, 0.4881237
-0.4293372, 0.4882263
-0.3295025, 0.483302
-0.230041, 0.473401
-0.1311955, 0.458527
-0.0332242, 0.4387217
0.06362661, 0.4140219
0.1591609, 0.3845224
0.253113, 0.3502589
0.3452199, 0.3113279
0.4352575, 0.2678558
0.5230009, 0.2199207
0.6082463, 0.1676308
0.6907657, 0.1111415
0.7703435, 0.05059245
0.8467867, -0.01385319
0.919903, -0.08206403
0.9895144, -0.153874
1.055459, -0.2290633
1.117546, -0.3074683
1.175617, -0.3889004
1.229541, -0.473114
1.279169, -0.5599497
1.324405, -0.6491503
1.365116, -0.7404987
1.401186, -0.8337739
1.432546, -0.9287387
1.459092, -1.025175
1.480793, -1.122807
1.497571, -1.221415
1.509382, -1.320733
1.516207, -1.420509
1.51802, -1.520507
1.514818, -1.620464
1.506604, -1.720151
1.493406, -1.819307
1.475269, -1.917645
1.452219, -2.01497
1.424312, -2.111022
1.39162, -2.205552
1.354235, -2.298317
1.312253, -2.38909
1.265747, -2.477672
1.214857, -2.563813
1.159713, -2.647285
1.100466, -2.727862
1.037253, -2.805363
0.9702045, -2.879623
0.8995209, -2.950433
0.8253701, -3.017601
0.7479485, -3.080956
0.6674609, -3.140331
0.5840811, -3.19561
0.4980228, -3.246628
0.4095256, -3.293259
0.3188188, -3.335373
0.2261356, -3.372873
0.1316932, -3.405672
0.03573994, -3.433678
-0.06152515, -3.456851
-0.159809, -3.475084
-0.2588994, -3.488366
-0.3585364, -3.496669
-0.4584477, -3.499929
-0.5583947, -3.498167
-0.6581533, -3.491398
-0.7574374, -3.479614
-0.8559904, -3.462852
-0.9535645, -3.441146
-1.049921, -3.414556
-1.144822, -3.383149
-1.238019, -3.347001
-1.329289, -3.306213
-1.418384, -3.260873
-1.50507, -3.211107
-1.589141, -3.157025
-1.670387, -3.098768
-1.748583, -3.036483
-1.823522, -2.970324
-1.895024, -2.900471
-1.962885, -2.827074
-2.02694, -2.750328
-2.087028, -2.670436
-2.142975, -2.58759
-2.194628, -2.502005
-2.241852, -2.413903
-2.28451, -2.323487
-2.322466, -2.230994
-2.355594, -2.136659
-2.383776, -2.040726
-2.406849, -1.943436
-2.424607, -1.845067
-2.435428, -1.758283
-2.43676, -1.741691
