61.29852, -29.01011
61.29853, -29.01011
61.29853, -29.0101
61.29853, -29.0101
61.29853, -29.0101
61.29853, -29.0101
61.29853, -29.0101
61.29853, -29.0101
61.29853, -29.0101
61.29841, -28.97439
61.29755, -28.86009
61.2966, -28.74341
61.29566, -28.62673
61.29471, -28.51004
61.29376, -28.39336
61.29284, -28.27667
61.2919, -28.15998
61.29097, -28.04329
61.29004, -27.9266
61.28913, -27.8099
61.28844, -27.69322
61.28791, -27.57652
61.28743, -27.45981
61.28693, -27.34311
61.28643, -27.22641
61.28616, -27.10974
61.28608, -26.9931
61.28601, -26.87646
61.28594, -26.75982
61.28585, -26.64319
61.28577, -26.52655
61.28569, -26.40992
61.2856, -26.29329
61.28552, -26.17665
61.28545, -26.06002
61.28539, -25.95173
61.28539, -25.8599
61.28546, -25.77389
61.28553, -25.68789
61.2856, -25.60188
61.28568, -25.51588
61.28575, -25.42988
61.28581, -25.34348
61.28582, -25.24739
61.28577, -25.14741
61.28572, -25.04781
61.28572, -24.95793
61.28578, -24.87194
61.28585, -24.78594
61.28592, -24.69994
61.28598, -24.61395
61.28606, -24.52794
61.2858, -24.43377
61.28506, -24.33373
61.28434, -24.23372
61.28363, -24.13371
61.2829, -24.03372
61.28219, -23.9337
61.28244, -23.83368
61.28339, -23.73366
61.28436, -23.63364
61.28532, -23.53364
61.28624, -23.43365
61.28716, -23.33366
61.28807, -23.23366
61.28899, -23.13364
61.2899, -23.03361
61.2908, -22.9336
61.29172, -22.83359
61.2926, -22.73359
61.29349, -22.63359
61.29437, -22.53359
61.29525, -22.43359
61.2961, -22.3336
61.29694, -22.23361
61.29785, -22.12529
61.29882, -22.00865
61.29979, -21.89199
61.30077, -21.77534
61.30175, -21.6587
61.30267, -21.54206
61.3036, -21.42542
61.30453, -21.30876
61.30542, -21.19211
61.30632, -21.07547
61.30721, -20.95881
61.30808, -20.84216
61.30895, -20.7255
61.30982, -20.60883
61.31071, -20.49217
61.31158, -20.37551
61.31244, -20.25884
61.31326, -20.14217
61.31409, -20.0255
61.31489, -19.90885
61.31571, -19.79218
61.31652, -19.67551
61.31729, -19.55889
61.31804, -19.44226
61.31881, -19.3256
61.31955, -19.20898
61.32028, -19.09235
61.32099, -18.97572
61.3217, -18.85907
61.32242, -18.74241
61.32312, -18.62578
61.32378, -18.50916
61.32444, -18.39248
61.32507, -18.27582
61.32569, -18.15916
61.32634, -18.04247
61.32692, -17.92585
61.32748, -17.80921
61.32798, -17.69261
61.32851, -17.576
61.32901, -17.4594
61.32951, -17.34276
61.33002, -17.2261
61.33047, -17.10948
61.33095, -16.99283
61.33138, -16.87621
61.33181, -16.75957
61.33219, -16.64295
61.33257, -16.52632
61.33291, -16.40969
61.33322, -16.29305
61.33357, -16.1764
61.33393, -16.05973
61.33426, -15.94308
61.33456, -15.82644
61.33479, -15.70978
61.33503, -15.59312
61.3353, -15.47648
61.33555, -15.3598
61.33568, -15.24311
61.33582, -15.1264
61.33603, -15.00971
61.33618, -14.89302
61.33635, -14.77631
61.33654, -14.65965
61.33667, -14.54296
61.33678, -14.42626
61.33687, -14.30956
61.33694, -14.19283
61.33701, -14.07614
61.33706, -13.95943
61.33712, -13.84271
61.33714, -13.72604
61.3371, -13.60937
61.33708, -13.49266
61.33702, -13.37595
61.33693, -13.25927
61.33683, -13.14257
61.33669, -13.02587
61.33652, -12.90915
61.33633, -12.79246
61.33612, -12.67574
61.33585, -12.55906
61.33526, -12.44235
61.33461, -12.32565
61.33416, -12.20895
61.33384, -12.09226
61.33349, -11.97557
61.33309, -11.8589
61.33264, -11.74219
61.33212, -11.62553
61.33026, -11.50884
61.32784, -11.39216
61.3255, -11.2755
61.32318, -11.15883
61.32092, -11.04212
61.31869, -10.92543
61.31652, -10.80875
61.31439, -10.69208
61.31234, -10.57537
61.31038, -10.45861
61.30848, -10.34192
61.30664, -10.22522
61.3049, -10.10851
61.30323, -9.991778
61.30172, -9.875054
61.30031, -9.758362
61.29906, -9.641632
61.29803, -9.524972
61.29721, -9.408223
61.29669, -9.291467
61.29657, -9.174719
61.29711, -9.057944
61.29656, -8.941226
61.2955, -8.824493
61.29448, -8.707812
61.29346, -8.591109
61.29238, -8.474368
61.29142, -8.357669
61.29044, -8.240983
61.28946, -8.124298
61.28848, -8.007616
61.2875, -7.890942
61.28652, -7.774277
61.28559, -7.657621
61.28463, -7.540966
61.28364, -7.424297
61.28265, -7.307656
61.2817, -7.191012
61.28082, -7.07437
61.27988, -6.957723
61.27897, -6.841079
61.27807, -6.724438
61.27713, -6.607789
61.27621, -6.491137
61.27526, -6.374497
61.27433, -6.257855
61.27349, -6.141225
61.27267, -6.024577
61.27183, -5.907956
61.27102, -5.791326
61.27021, -5.674718
61.26939, -5.558122
61.26858, -5.441503
61.2678, -5.324848
61.26707, -5.208213
61.26633, -5.091545
61.26559, -4.97489
61.26485, -4.858289
61.26409, -4.741704
61.26334, -4.625086
61.2626, -4.508442
61.26188, -4.391825
61.26114, -4.27522
61.26044, -4.158611
61.25978, -4.041977
61.25911, -3.925335
61.25842, -3.808721
61.25775, -3.692106
61.25712, -3.575451
61.25647, -3.458788
61.25584, -3.34213
61.25524, -3.225475
61.25463, -3.108802
61.25403, -2.992154
61.25347, -2.875483
61.25288, -2.758811
61.2523, -2.642137
61.25174, -2.525464
61.25118, -2.408791
61.25063, -2.292105
61.25009, -2.175429
61.24955, -2.058748
61.24903, -1.942059
61.24852, -1.825372
61.24802, -1.708682
61.24752, -1.591995
61.24704, -1.475326
61.24656, -1.358658
61.24607, -1.241997
61.24561, -1.125325
61.24516, -1.00865
61.24469, -0.8919758
61.24424, -0.7753033
61.24381, -0.6586295
61.24338, -0.5419232
61.24298, -0.425239
61.24258, -0.3085886
61.24219, -0.1919103
61.24182, -0.07522964
61.24146, 0.04146249
61.24112, 0.1581274
61.24077, 0.2748478
61.24046, 0.3915242
61.24015, 0.5082283
61.23987, 0.6249444
61.23957, 0.7416692
61.23926, 0.858357
61.23899, 0.9750426
61.23873, 1.091723
61.23848, 1.208415
61.23824, 1.325142
61.23803, 1.441878
61.23781, 1.558632
61.23761, 1.675414
61.23738, 1.792123
61.23719, 1.908887
61.23703, 2.025705
61.23684, 2.142492
61.23666, 2.259279
61.2365, 2.375983
61.23637, 2.492723
61.23624, 2.609485
61.23613, 2.72622
61.23603, 2.842943
61.23595, 2.959674
61.23582, 3.076468
61.23574, 3.193205
61.23569, 3.309929
61.23566, 3.426638
61.23563, 3.543359
61.23562, 3.660088
61.23561, 3.776805
61.2356, 3.893543
61.23561, 4.010247
61.23563, 4.126958
61.23565, 4.243669
61.23566, 4.360394
61.23576, 4.477102
61.23589, 4.5938
61.23603, 4.710504
61.23613, 4.827227
61.23626, 4.943932
61.23636, 5.060638
61.23652, 5.177328
61.23669, 5.293989
61.23683, 5.41066
61.23705, 5.527302
61.23734, 5.643968
61.23766, 5.760627
61.238, 5.877294
61.23832, 5.993945
61.23869, 6.110602
61.2391, 6.227252
61.23954, 6.34389
61.24, 6.460525
61.24047, 6.577131
61.24101, 6.693758
61.24155, 6.810361
61.24212, 6.92698
61.24275, 7.043613
61.24337, 7.160211
61.24408, 7.276849
61.24484, 7.393535
61.24558, 7.510219
61.24638, 7.62685
61.24722, 7.743523
61.24808, 7.86014
61.24902, 7.97672
61.24995, 8.093339
61.25093, 8.209991
61.25196, 8.326591
61.25304, 8.443214
61.25417, 8.55983
61.25535, 8.67646
61.25657, 8.793088
61.25784, 8.90973
61.25917, 9.026362
61.26054, 9.14299
61.26197, 9.259628
61.26349, 9.376277
61.26506, 9.49292
61.26672, 9.609559
61.26846, 9.726207
61.2703, 9.84285
61.27223, 9.959508
61.27427, 10.07615
61.27643, 10.19278
61.27874, 10.30942
61.28122, 10.42606
61.28389, 10.54271
61.28682, 10.65934
61.29011, 10.77596
61.29395, 10.89256
61.29581, 10.99252
61.29493, 11.10919
61.29398, 11.22587
61.29306, 11.34255
61.29214, 11.45921
61.29122, 11.57587
61.29027, 11.69254
61.28934, 11.80923
61.28844, 11.92592
61.28751, 12.04261
61.2866, 12.15929
61.28569, 12.27598
61.28482, 12.39265
61.28394, 12.50931
61.28307, 12.62598
61.28218, 12.74265
61.28133, 12.85937
61.28048, 12.97607
61.27964, 13.09275
61.27881, 13.20942
61.27797, 13.3261
61.27714, 13.44283
61.27631, 13.55951
61.27549, 13.6762
61.27469, 13.79288
61.27392, 13.90958
61.27312, 14.02628
61.27234, 14.143
61.27159, 14.25975
61.27083, 14.37646
61.27005, 14.4931
61.26925, 14.6098
61.26848, 14.72651
61.26773, 14.84326
61.26695, 14.96002
61.26616, 15.07676
61.26539, 15.19348
61.26464, 15.31021
61.26386, 15.42694
61.2631, 15.54367
61.26234, 15.66045
61.26163, 15.77717
61.26089, 15.89394
61.26014, 16.01065
61.25943, 16.12737
61.25873, 16.24407
61.25793, 16.36084
61.25721, 16.47757
61.25649, 16.59427
61.25582, 16.71099
61.25516, 16.82768
61.25449, 16.94435
61.25381, 17.06105
61.25315, 17.17772
61.25249, 17.29439
61.25183, 17.41107
61.25119, 17.52774
61.25055, 17.64441
61.24995, 17.76107
61.24936, 17.87772
61.24872, 17.99438
61.24811, 18.11101
61.24752, 18.22765
61.247, 18.34429
61.24648, 18.46093
61.24595, 18.57757
61.24545, 18.6942
61.24491, 18.81084
61.24439, 18.92746
61.24386, 19.04408
61.24335, 19.16073
61.24288, 19.27737
61.24243, 19.39401
61.24199, 19.51062
61.24157, 19.62728
61.24113, 19.74392
61.24075, 19.86055
61.24036, 19.97718
61.24001, 20.09378
61.23966, 20.21041
61.23935, 20.32706
61.23904, 20.44368
61.23873, 20.56027
61.23841, 20.67694
61.23812, 20.79355
61.23785, 20.91018
61.23758, 21.02683
61.23733, 21.14344
61.2371, 21.26008
61.23689, 21.37675
61.23669, 21.49341
61.23652, 21.61007
61.23635, 21.72675
61.23612, 21.8434
61.23595, 21.96003
61.23579, 22.07667
61.23562, 22.19331
61.23545, 22.30995
61.23532, 22.4266
61.23519, 22.54325
61.23508, 22.65989
61.23499, 22.77654
61.2349, 22.89318
61.23483, 23.00983
61.23478, 23.12648
61.23475, 23.24312
61.23474, 23.35977
61.23474, 23.47641
61.23477, 23.59305
61.2348, 23.70968
61.23485, 23.82633
61.23492, 23.94298
61.23503, 24.05962
61.23513, 24.17627
61.23526, 24.29291
61.23541, 24.40955
61.2356, 24.5262
61.23578, 24.64284
61.23597, 24.75948
61.2362, 24.87615
61.23645, 24.99283
61.23673, 25.10947
61.237, 25.22615
61.23729, 25.34283
61.23761, 25.45949
61.23795, 25.57617
61.23831, 25.69287
61.2387, 25.80956
61.23911, 25.92627
61.23952, 26.043
61.23996, 26.15971
61.24042, 26.27644
61.24088, 26.39315
61.24139, 26.50984
61.24191, 26.62648
61.24244, 26.74318
61.24304, 26.85992
61.24366, 26.97664
61.24429, 27.09333
61.24497, 27.21008
61.24564, 27.3268
61.24633, 27.44353
61.24706, 27.56021
61.24781, 27.67695
61.24857, 27.79373
61.24939, 27.91052
61.25025, 28.02732
61.25116, 28.14408
61.25211, 28.26084
61.25312, 28.37755
61.25418, 28.49426
61.25518, 28.61104
61.25632, 28.72771
61.2575, 28.84439
61.25867, 28.96113
61.25989, 29.07786
61.26125, 29.19456
61.26268, 29.31126
61.26418, 29.42794
61.26569, 29.54463
61.26735, 29.66132
61.26905, 29.77802
61.27081, 29.89468
61.27279, 30.01134
61.27488, 30.12797
61.27708, 30.24462
61.27947, 30.36125
61.28205, 30.47789
61.28477, 30.59449
61.28785, 30.71108
61.29147, 30.8277
61.2953, 30.93715
61.29547, 31.04425
61.29446, 31.16089
61.29343, 31.27754
61.29242, 31.39416
61.29142, 31.51079
61.29045, 31.62738
61.28946, 31.74397
61.28849, 31.86061
61.28754, 31.97724
61.28656, 32.09383
61.28561, 32.21046
61.28473, 32.32708
61.2838, 32.44367
61.28291, 32.56031
61.28202, 32.67698
61.28113, 32.79362
61.28027, 32.91024
61.27938, 33.02684
61.27851, 33.14344
61.27768, 33.26005
61.27686, 33.37667
61.27605, 33.49329
61.27523, 33.60989
61.27441, 33.72652
61.27368, 33.83483
61.27301, 33.9348
61.27232, 34.03477
61.27165, 34.13475
61.27098, 34.23472
61.27031, 34.33472
61.26965, 34.43469
61.26897, 34.53466
61.26832, 34.63464
61.26767, 34.73462
61.26702, 34.8346
61.26638, 34.93459
61.26574, 35.03456
61.26511, 35.13455
61.2645, 35.23454
61.26389, 35.33454
61.26328, 35.43452
61.26268, 35.5345
61.26209, 35.63451
61.26149, 35.73451
61.26088, 35.8345
61.26031, 35.9345
61.25975, 36.03448
61.25918, 36.13449
61.25862, 36.23449
61.25806, 36.33449
61.2575, 36.43448
61.25695, 36.53448
61.25639, 36.63448
61.25586, 36.73449
61.25533, 36.83449
61.25481, 36.9345
61.25428, 37.0345
61.25376, 37.13451
61.25327, 37.23452
61.25278, 37.33454
61.25228, 37.43456
61.25181, 37.53457
61.25134, 37.63459
61.25085, 37.73461
61.25038, 37.83463
61.24995, 37.93465
61.24952, 38.03466
61.24907, 38.1347
61.24864, 38.23474
61.2482, 38.33478
61.24776, 38.43481
61.24733, 38.53485
61.24694, 38.63488
61.24654, 38.73489
61.24613, 38.83491
61.24575, 38.93495
61.24538, 39.03498
61.24506, 39.13501
61.24472, 39.23506
61.24438, 39.33509
61.24403, 39.43514
61.2437, 39.53518
61.24337, 39.63522
61.24304, 39.73529
61.24269, 39.83532
61.24239, 39.93534
61.24205, 40.0354
61.24168, 40.13551
61.24136, 40.23555
61.24104, 40.33567
61.24074, 40.43568
61.24046, 40.53569
61.24018, 40.63571
61.23987, 40.73574
61.23957, 40.83577
61.2393, 40.93582
61.23901, 41.0359
61.23871, 41.13595
61.23841, 41.236
61.23814, 41.33604
61.2379, 41.4361
61.23768, 41.53613
61.23743, 41.63617
61.2372, 41.73618
61.23699, 41.83619
61.23677, 41.93622
61.23661, 42.03624
61.23647, 42.13625
61.23629, 42.23626
61.2361, 42.33624
61.23595, 42.43625
61.23584, 42.53627
61.23571, 42.63627
61.2355, 42.7363
61.23533, 42.83632
61.23517, 42.93633
61.23507, 43.03633
61.23494, 43.13634
61.23487, 43.23634
61.23478, 43.33635
61.23475, 43.43636
61.23469, 43.53635
61.23468, 43.63634
61.23466, 43.73632
61.23466, 43.83628
61.23465, 43.93623
61.23467, 44.03621
61.23472, 44.13622
61.23477, 44.23617
61.23482, 44.33612
61.23494, 44.43611
61.23505, 44.53606
61.23519, 44.63605
61.23534, 44.73602
61.2355, 44.836
61.23568, 44.93599
61.23589, 45.03595
61.23608, 45.13591
61.23631, 45.23587
61.23656, 45.33586
61.2368, 45.43583
61.23709, 45.53581
61.23738, 45.63577
61.23769, 45.73575
61.238, 45.83572
61.23834, 45.93567
61.23873, 46.03558
61.23912, 46.13556
61.2395, 46.23555
61.23989, 46.33554
61.24036, 46.43552
61.24083, 46.5355
61.24131, 46.6355
61.24182, 46.7355
61.24234, 46.83549
61.24288, 46.93547
61.24344, 47.03547
61.244, 47.13547
61.24457, 47.23547
61.24517, 47.33546
61.2458, 47.43544
61.24646, 47.53541
61.24714, 47.63541
61.24784, 47.73538
61.24857, 47.83535
61.24933, 47.93536
61.25011, 48.03536
61.25093, 48.13539
61.25177, 48.2354
61.25264, 48.33539
61.25355, 48.4354
61.2545, 48.53541
61.25548, 48.63543
61.25649, 48.73546
61.25754, 48.83549
61.25865, 48.9355
61.25977, 49.03549
61.26091, 49.13548
61.26212, 49.23546
61.26338, 49.33548
61.26468, 49.4355
61.26605, 49.53549
61.2675, 49.63549
61.26899, 49.73549
61.27052, 49.8355
61.27214, 49.93549
61.27384, 50.03547
61.27562, 50.13546
61.27753, 50.23544
61.27953, 50.33543
61.28166, 50.43541
61.28392, 50.53539
61.28636, 50.6354
61.28904, 50.73538
61.29206, 50.83534
61.29532, 50.92977
61.29577, 51.01866
61.29496, 51.11869
61.29415, 51.21873
61.29336, 51.31873
61.29258, 51.41878
61.29183, 51.51885
61.29102, 51.61892
61.29022, 51.71895
61.28947, 51.81897
61.28873, 51.919
61.28795, 52.01905
61.28717, 52.11911
61.28641, 52.21919
61.28563, 52.31923
61.28488, 52.41928
61.28415, 52.51931
61.28337, 52.61934
61.28262, 52.71936
61.28186, 52.81939
61.28111, 52.91943
61.28036, 53.01943
61.27963, 53.11942
61.27887, 53.21946
61.27811, 53.31951
61.27736, 53.41957
61.2766, 53.51964
61.27584, 53.61969
61.27509, 53.71976
61.27432, 53.81981
61.27357, 53.91986
61.27283, 54.0199
61.27208, 54.11993
61.27136, 54.21997
61.27061, 54.32
61.26991, 54.42003
61.26918, 54.52006
61.26843, 54.6201
61.26777, 54.72011
61.26706, 54.82012
61.26642, 54.92014
61.26574, 55.02014
61.26508, 55.12016
61.26442, 55.22017
61.26375, 55.32018
61.26304, 55.42019
61.2624, 55.5202
61.26178, 55.62022
61.26106, 55.72021
61.26042, 55.82021
61.25982, 55.92019
61.25919, 56.02019
61.25858, 56.12018
61.25798, 56.22016
61.25742, 56.32016
61.25685, 56.42019
61.25624, 56.52017
61.25566, 56.62014
61.2551, 56.72012
61.25451, 56.8201
61.25393, 56.92003
61.25341, 57.02002
61.25289, 57.11999
61.25237, 57.21995
61.25183, 57.31988
61.25131, 57.41986
61.25082, 57.51982
61.25036, 57.61982
61.24988, 57.7198
61.24945, 57.81979
61.24898, 57.91976
61.24855, 58.01976
61.2481, 58.11975
61.24765, 58.21971
61.24721, 58.31966
61.24681, 58.41962
61.24638, 58.5196
61.24595, 58.61958
61.24554, 58.71957
61.24515, 58.81949
61.24475, 58.91947
61.24437, 59.01945
61.24396, 59.11945
61.24359, 59.21941
61.24323, 59.3194
61.24284, 59.41939
61.24249, 59.51939
61.24216, 59.61938
61.24181, 59.71937
61.24148, 59.81936
61.24114, 59.91936
61.24082, 60.01934
61.24051, 60.11932
61.2402, 60.21931
61.2399, 60.31929
61.2396, 60.41926
61.23932, 60.51924
61.23904, 60.61921
61.23878, 60.71919
61.23851, 60.81916
61.23826, 60.91913
61.23802, 61.0191
61.23779, 61.11909
61.23758, 61.21909
61.23734, 61.31909
61.23714, 61.41906
61.23695, 61.51904
61.23677, 61.61902
61.23661, 61.71899
61.23644, 61.81896
61.23628, 61.91894
61.23615, 62.01891
61.23601, 62.11888
61.23589, 62.21886
61.23579, 62.31884
61.23571, 62.41881
61.23563, 62.51879
61.23554, 62.61876
61.23549, 62.71877
61.23544, 62.81874
61.23541, 62.91873
61.23539, 63.01872
61.23536, 63.11871
61.23536, 63.21871
61.23535, 63.31872
61.23535, 63.41873
61.23538, 63.51876
61.23542, 63.61879
61.23546, 63.71884
61.23549, 63.81891
61.23553, 63.91893
61.2356, 64.01893
61.23569, 64.119
61.23578, 64.21906
61.23589, 64.31911
61.23603, 64.4192
61.23618, 64.51929
61.23631, 64.61938
61.23645, 64.71944
61.23662, 64.8195
61.23678, 64.91958
61.23694, 65.01971
61.23712, 65.11987
61.23734, 65.21998
61.23755, 65.32003
61.23779, 65.4201
61.23805, 65.52022
61.23828, 65.62033
61.23854, 65.72044
61.23883, 65.82048
61.23915, 65.92054
61.23948, 66.02061
61.23982, 66.12069
61.24016, 66.22076
61.24055, 66.32082
61.24092, 66.4209
61.24134, 66.52094
61.24176, 66.62101
61.24221, 66.72106
61.24268, 66.82108
61.24315, 66.92112
61.24365, 67.02118
61.24415, 67.12119
61.24464, 67.22117
61.24517, 67.32114
61.24574, 67.42111
61.24635, 67.52109
61.24698, 67.62109
61.24761, 67.72107
61.24829, 67.82104
61.24903, 67.92103
61.24974, 68.02102
61.25048, 68.12097
61.25126, 68.22095
61.25212, 68.32091
61.25297, 68.42086
61.25385, 68.52081
61.25477, 68.62077
61.25577, 68.72074
61.25679, 68.82071
61.25785, 68.92068
61.25892, 69.02062
61.26003, 69.12055
61.26118, 69.2205
61.26241, 69.32046
61.26369, 69.42038
61.26506, 69.52032
61.26648, 69.62025
61.26796, 69.72018
61.26953, 69.82011
61.27116, 69.92002
61.27287, 70.01994
61.27468, 70.1199
61.27656, 70.21983
61.27859, 70.31977
61.28075, 70.4197
61.28307, 70.51963
61.28558, 70.61958
61.2883, 70.71953
61.29135, 70.81945
61.29493, 70.91938
