-4.680779, 0.5324256
-4.680779, 0.5324256
-4.680779, 0.5324256
-4.680779, 0.5324256
-4.680779, 0.5324264
-4.68078, 0.5324258
-4.680779, 0.5324249
-4.680781, 0.532429
-4.680779, 0.5324253
-4.680778, 0.5324229
-4.680778, 0.5324237
-4.680779, 0.5324246
-4.680779, 0.532426
-4.680779, 0.5324229
-4.680778, 0.5324258
-4.680778, 0.5324234
-4.680779, 0.5324269
-4.686818, 0.5988079
-4.692935, 0.715256
-4.692267, 0.8318663
-4.684802, 0.9482365
-4.670555, 1.063974
-4.649585, 1.178671
-4.621956, 1.291952
-4.587764, 1.403453
-4.547117, 1.512764
-4.500165, 1.619521
-4.447066, 1.72334
-4.388007, 1.823903
-4.323181, 1.92084
-4.252819, 2.013835
-4.177155, 2.102565
-4.096419, 2.186731
-4.01092, 2.266042
-3.920919, 2.34023
-3.833684, 2.404351
-3.750126, 2.459224
-3.66394, 2.509854
-3.575307, 2.556121
-3.484485, 2.597923
-3.391739, 2.635246
-3.297579, 2.669039
-3.202448, 2.699939
-3.106455, 2.727983
-3.009642, 2.753122
-2.912162, 2.775448
-2.814283, 2.796128
-2.716204, 2.815762
-2.617937, 2.834414
-2.519465, 2.852056
-2.42082, 2.868757
-2.322009, 2.884443
-2.223063, 2.899113
-2.123992, 2.912816
-2.024777, 2.925591
-1.925431, 2.937346
-1.825977, 2.948053
-1.726417, 2.957817
-1.626745, 2.966581
-1.526993, 2.974375
-1.427164, 2.981154
-1.327281, 2.986924
-1.227331, 2.991723
-1.127336, 2.995521
-1.027346, 2.998286
-0.9273257, 3.000023
-0.8272781, 3.000797
-0.7272208, 3.00057
-0.6271945, 2.999305
-0.5271717, 2.997081
-0.4271727, 2.993841
-0.3271951, 2.989608
-0.2272953, 2.984356
-0.1274505, 2.978103
-0.02767611, 2.97086
0.08031845, 2.961868
0.1965077, 2.950879
0.3125718, 2.938541
0.4283452, 2.923878
0.5435601, 2.905357
0.6580348, 2.882793
0.7716426, 2.856215
0.8842837, 2.825684
0.9957708, 2.791267
1.105959, 2.752958
1.214749, 2.710815
1.322017, 2.664885
1.427556, 2.615145
1.531287, 2.561749
1.633083, 2.504732
1.732835, 2.444185
1.830376, 2.380118
1.925624, 2.312747
2.018411, 2.24203
2.108561, 2.168011
2.194887, 2.089634
2.276491, 2.00631
2.35314, 1.918401
2.424523, 1.82614
2.490642, 1.730062
2.552763, 1.631339
2.611394, 1.530498
2.666464, 1.427715
2.717894, 1.323052
2.765601, 1.21672
2.809529, 1.108717
2.849628, 0.999216
2.885865, 0.8883232
2.918212, 0.7762918
2.946654, 0.6633419
2.971103, 0.5494425
2.991566, 0.4348311
3.007966, 0.3194946
3.020321, 0.2036505
3.028588, 0.08737611
3.03275, -0.02914229
3.032816, -0.1457309
3.028806, -0.2622183
3.020742, -0.3784477
3.008621, -0.4942615
2.99241, -0.6096902
2.972145, -0.7244884
2.947858, -0.838539
2.919652, -0.9514933
2.887505, -1.063391
2.851383, -1.174271
2.811423, -1.283751
2.767681, -1.391666
2.720177, -1.497989
2.668917, -1.602723
2.614042, -1.70554
2.555579, -1.806399
2.493549, -1.905079
2.427107, -2.000801
2.355282, -2.092578
2.278199, -2.180056
2.196114, -2.262912
2.109343, -2.340775
2.018193, -2.413436
1.923532, -2.48137
1.826418, -2.545822
1.727048, -2.606918
1.6256, -2.664474
1.522208, -2.718416
1.417005, -2.768654
1.310057, -2.815224
1.201551, -2.857996
1.091599, -2.896974
0.9803317, -2.932077
0.8679139, -2.963234
0.7544819, -2.990451
0.6401649, -3.013638
0.5250974, -3.032794
0.4094519, -3.047894
0.2933377, -3.058929
0.1769227, -3.065817
0.06031298, -3.068659
-0.05632184, -3.067418
-0.1728486, -3.062067
-0.2891347, -3.052643
-0.4050124, -3.039149
-0.5203387, -3.021562
-0.6349988, -3.000004
-0.7488295, -2.974403
-0.8616842, -2.944815
-0.9734319, -2.911267
-1.083941, -2.873837
-1.193071, -2.83253
-1.300671, -2.787409
-1.406628, -2.738522
-1.510785, -2.685938
-1.613057, -2.629742
-1.713261, -2.56999
-1.811264, -2.506775
-1.906991, -2.440138
-2.000293, -2.370165
-2.091095, -2.296953
-2.178921, -2.220194
-2.26246, -2.138776
-2.341065, -2.052576
-2.414474, -1.961887
-2.48255, -1.867162
-2.546417, -1.769564
-2.606764, -1.669764
-2.663557, -1.567875
-2.716691, -1.464058
-2.766088, -1.358403
-2.811689, -1.251048
-2.85342, -1.142123
-2.891223, -1.031764
-2.925025, -0.9201125
-2.954743, -0.8073127
-2.98027, -0.6934983
-3.001051, -0.5811302
-3.01786, -0.4801239
-3.034558, -0.3646543
-3.047203, -0.2486587
-3.055781, -0.1322893
-3.060276, -0.01569842
-3.06069, 0.1009802
-3.057016, 0.2176023
-3.049248, 0.3340375
-3.037413, 0.4501239
-3.021519, 0.5657185
-3.001575, 0.6806923
-2.977619, 0.794891
-2.949679, 0.9081968
-2.917791, 1.020447
-2.881974, 1.131521
-2.842303, 1.241245
-2.798813, 1.349527
-2.75156, 1.456201
-2.70059, 1.561157
-2.645976, 1.66427
-2.587783, 1.765406
-2.526091, 1.864431
-2.460701, 1.961037
-2.390364, 2.054084
-2.314723, 2.142869
-2.23405, 2.227059
-2.148603, 2.306393
-2.058689, 2.380685
-1.965279, 2.450615
-1.869394, 2.517159
-1.77125, 2.580289
-1.670933, 2.639943
-1.568601, 2.696049
-1.46435, 2.748557
-1.358338, 2.797386
-1.250688, 2.842469
-1.141526, 2.883744
-1.030975, 2.921189
-0.9191995, 2.954725
-0.8063042, 2.984346
-0.6924337, 3.009979
-0.5777487, 3.031613
-0.4623721, 3.049192
-0.3464544, 3.062693
-0.2301244, 3.072181
-0.1135421, 3.077569
0.003139463, 3.078848
0.1197841, 3.076029
0.2362842, 3.069177
0.3524693, 3.058245
0.4681962, 3.04321
0.5833375, 3.024147
0.6977288, 3.001068
0.8112131, 2.973917
0.9236978, 2.942845
1.035028, 2.907886
1.145039, 2.869019
1.25363, 2.826372
1.360642, 2.779934
1.46597, 2.729824
1.569472, 2.675983
1.671021, 2.618582
1.770491, 2.557645
1.867769, 2.493317
1.962736, 2.42556
2.055297, 2.354573
2.144831, 2.279835
2.230048, 2.200234
2.310463, 2.11581
2.385827, 2.026818
2.455873, 1.933549
2.521166, 1.836944
2.582848, 1.738009
2.641016, 1.636925
2.695612, 1.533938
2.746509, 1.428997
2.793718, 1.322368
2.837143, 1.214097
2.876736, 1.104355
2.91246, 0.9933314
2.944318, 0.8812194
2.972188, 0.7679833
2.99611, 0.6539412
3.016032, 0.539133
3.031912, 0.423696
3.043741, 0.3078178
3.051445, 0.1914332
3.05508, 0.07490521
3.054652, -0.04159579
3.050126, -0.1580801
3.041525, -0.2743162
3.028903, -0.3900133
3.012213, -0.5052484
2.991457, -0.6199194
2.966717, -0.7337343
2.937973, -0.8466739
2.905306, -0.9584981
2.868757, -1.069083
2.828284, -1.178457
2.784011, -1.286309
2.735991, -1.392528
2.684314, -1.496904
2.628986, -1.599443
2.570035, -1.700144
2.507608, -1.798698
2.441786, -1.89493
2.37267, -1.9887
2.300269, -2.080099
2.224324, -2.1686
2.143713, -2.252811
2.058302, -2.332197
1.968392, -2.406445
1.874323, -2.475281
1.776877, -2.539404
1.677114, -2.599942
1.575311, -2.656868
1.471581, -2.710172
1.366031, -2.75981
1.258812, -2.80574
1.150042, -2.847874
1.039857, -2.886196
0.9283974, -2.920609
0.8157841, -2.951094
0.7021851, -2.977571
0.5877121, -3.000069
0.4725198, -3.01856
0.35673, -3.03304
0.2405518, -3.043327
0.1240819, -3.049486
0.007466276, -3.051544
-0.1091773, -3.049585
-0.2256872, -3.04356
-0.3419106, -3.033415
-0.4577234, -3.019241
-0.5729685, -3.001015
-0.6875051, -2.978737
-0.8011714, -2.952433
-0.9138614, -2.922194
-1.025426, -2.887985
-1.1357, -2.849874
-1.244561, -2.80793
-1.351893, -2.762157
-1.457556, -2.712622
-1.561429, -2.659425
-1.663341, -2.60263
-1.763172, -2.542318
-1.860812, -2.478516
-1.956146, -2.411294
-2.049051, -2.34079
-2.13898, -2.266519
-2.224615, -2.187365
-2.305457, -2.103305
-2.381228, -2.014647
-2.451672, -1.921719
-2.517139, -1.825191
-2.578856, -1.726259
-2.637065, -1.625179
-2.691673, -1.522097
-2.742594, -1.417145
-2.789769, -1.310447
-2.833141, -1.202172
-2.872637, -1.092461
-2.908234, -0.9813976
-2.939852, -0.8691196
-2.967466, -0.755793
-2.991025, -0.6415547
-3.010483, -0.5265558
-3.025791, -0.4109317
-3.036918, -0.2948134
-3.043772, -0.1783741
-3.04627, -0.06176108
-3.045005, 0.04536314
-3.042431, 0.1548139
-3.036114, 0.2712709
-3.025725, 0.3874183
-3.011265, 0.5031265
-2.992766, 0.6182824
-2.970248, 0.7327017
-2.94373, 0.8462692
-2.913258, 0.9588498
-2.87886, 1.070299
-2.840583, 1.180469
-2.798461, 1.289234
-2.752556, 1.396452
-2.70293, 1.501999
-2.649633, 1.605749
-2.592739, 1.707563
-2.532315, 1.807331
-2.468433, 1.904901
-2.401084, 2.000135
-2.329269, 2.092007
-2.252253, 2.179577
-2.17028, 2.262521
-2.083614, 2.34052
-1.992512, 2.413344
-1.897609, 2.48113
-1.800115, 2.545132
-1.70041, 2.605731
-1.598652, 2.662751
-1.494995, 2.716186
-1.389517, 2.765963
-1.282327, 2.812002
-1.173606, 2.854259
-1.063475, 2.892727
-0.9520559, 2.927323
-0.839519, 2.957955
-0.7259635, 2.984644
-0.6115443, 3.007369
-0.4964166, 3.026026
-0.3807094, 3.040679
-0.2645387, 3.051281
-0.1480879, 3.057838
-0.03145372, 3.060276
0.08519066, 3.058658
0.2016831, 3.052973
0.3179321, 3.04319
0.4337194, 3.029345
0.548955, 3.011387
0.6635324, 2.989471
0.7772462, 2.963523
0.8899762, 2.933609
1.001568, 2.899734
1.111917, 2.862002
1.220891, 2.820428
1.328316, 2.775007
1.434115, 2.725858
1.538118, 2.67305
1.640188, 2.616643
1.740222, 2.556736
1.838129, 2.493446
1.933714, 2.426615
2.026905, 2.35647
2.117478, 2.283031
2.204255, 2.205185
2.286307, 2.122386
2.363347, 2.034905
2.435188, 1.943104
2.501795, 1.847432
2.564412, 1.749176
2.623556, 1.648783
2.679182, 1.546333
2.731167, 1.441934
2.779489, 1.335923
2.824007, 1.228148
2.86474, 1.118981
2.901628, 1.008458
2.934611, 0.8966476
2.963654, 0.783731
2.988772, 0.670093
3.009885, 0.5556046
3.026949, 0.4404224
3.039982, 0.3246298
3.048978, 0.2085234
3.053879, 0.09224229
3.054695, -0.02414731
3.051415, -0.1405613
3.044088, -0.2567073
3.032692, -0.3725292
3.017218, -0.4879694
2.997709, -0.6027883
2.974205, -0.7168047
2.946703, -0.8299462
2.91523, -0.9421388
2.879834, -1.053184
2.840563, -1.162904
2.797507, -1.271079
2.750683, -1.377732
2.700137, -1.48271
2.64596, -1.585823
2.588176, -1.686998
2.526861, -1.78618
2.46219, -1.882939
2.394119, -1.977455
2.322758, -2.069542
2.24748, -2.158456
2.167248, -2.243021
2.082206, -2.322793
1.992669, -2.397397
1.898947, -2.466629
1.801829, -2.531151
1.702406, -2.592085
1.600909, -2.649455
1.497416, -2.70331
1.392174, -2.753413
1.285225, -2.799779
1.176716, -2.842449
1.066776, -2.881239
0.9555077, -2.916194
0.8430499, -2.947279
0.7296248, -2.974302
0.6153283, -2.997322
0.500291, -3.016375
0.3846582, -3.031335
0.2685903, -3.042171
0.1522309, -3.048906
0.03567513, -3.051577
-0.08089916, -3.050158
-0.1973709, -3.044695
-0.3135769, -3.035096
-0.4293996, -3.021441
-0.5446785, -3.003724
-0.6592765, -2.98203
-0.7730442, -2.956373
-0.8858247, -2.926715
-0.9975032, -2.893093
-1.107944, -2.855639
-1.216987, -2.814301
-1.324532, -2.769149
-1.430403, -2.72022
-1.534517, -2.667638
-1.636724, -2.611439
-1.736883, -2.551669
-1.834869, -2.488425
-1.930579, -2.421778
-2.023883, -2.351792
-2.114592, -2.278497
-2.201663, -2.200917
-2.284104, -2.118404
-2.36156, -2.031224
-2.433768, -1.939655
-2.500603, -1.844074
-2.563011, -1.745555
-2.62187, -1.644831
-2.677127, -1.542137
-2.728728, -1.437546
-2.776611, -1.331203
-2.820719, -1.223218
-2.860991, -1.113761
-2.897364, -1.002941
-2.929808, -0.8908952
-2.958277, -0.7777673
-2.982729, -0.6636976
-3.003137, -0.5488681
-3.019447, -0.4333858
-3.031641, -0.3174028
-3.039707, -0.2010455
-3.043625, -0.08447891
-3.043385, 0.03217456
-3.038972, 0.1487217
-3.030354, 0.2650437
-3.017521, 0.3809781
-3.000427, 0.4963722
-2.97897, 0.611036
-2.958435, 0.7089044
-2.932444, 0.8225945
-2.902514, 0.9352946
-2.868654, 1.046896
-2.830911, 1.157254
-2.789326, 1.266222
-2.743943, 1.373671
-2.69483, 1.479447
-2.642045, 1.583454
-2.585645, 1.685554
-2.525703, 1.785616
-2.462301, 1.883527
-2.395499, 1.979156
-2.324987, 2.072082
-2.249578, 2.16104
-2.169117, 2.245434
-2.083882, 2.324992
-1.994138, 2.399452
-1.90708, 2.463843
-1.82397, 2.519478
-1.739131, 2.572371
-1.652745, 2.622712
-1.564885, 2.670445
-1.475661, 2.715489
-1.385078, 2.757832
-1.293276, 2.797456
-1.200343, 2.834264
-1.106331, 2.86832
-1.011356, 2.899543
-0.9155025, 2.927879
-0.8188012, 2.953344
-0.7213495, 2.975922
-0.6233135, 2.995528
-0.5247256, 3.012172
-0.4256732, 3.025902
-0.3262869, 3.036599
-0.2266178, 3.044361
-0.1267315, 3.049109
-0.02675586, 3.050858
0.07323387, 3.049607
0.1731123, 3.045383
0.2728353, 3.038198
0.3722908, 3.02801
0.4714008, 3.014812
0.5700765, 2.998598
0.6682157, 2.97945
0.7656893, 2.957323
0.8625018, 2.932354
0.9584826, 2.904428
1.053595, 2.873624
1.147738, 2.840011
1.240833, 2.803642
1.33278, 2.764387
1.423499, 2.722398
1.512919, 2.677784
1.600947, 2.630397
1.687531, 2.580459
1.772565, 2.527869
1.856022, 2.472848
1.937773, 2.415334
2.017802, 2.35552
2.095923, 2.293229
2.171602, 2.228009
2.244053, 2.159205
2.312958, 2.086853
2.378127, 2.011108
2.43945, 1.932193
2.496747, 1.850281
2.550546, 1.766149
2.60169, 1.680308
2.650239, 1.592929
2.696128, 1.504123
2.739357, 1.414056
2.779853, 1.322768
2.817584, 1.230337
2.852516, 1.136782
2.884611, 1.042136
2.913853, 0.9465814
2.940196, 0.850269
2.963636, 0.7531511
2.984196, 0.6555327
3.001818, 0.5573232
3.016479, 0.4585999
3.028161, 0.3594623
3.0369, 0.2601295
3.042604, 0.1604853
3.04528, 0.06061505
3.044952, -0.0393193
3.041621, -0.1392198
3.035313, -0.2388522
3.026052, -0.3381607
3.0138, -0.4371737
2.99858, -0.5357774
2.980408, -0.6338696
2.95929, -0.7314181
2.935215, -0.8283795
2.90828, -0.924463
2.878463, -1.019707
2.845729, -1.114171
2.810187, -1.207607
2.771848, -1.299943
2.730755, -1.391101
2.686975, -1.480906
2.640572, -1.569199
2.591514, -1.656112
2.539859, -1.741557
2.485632, -1.825443
2.428901, -1.907687
2.36977, -1.988066
2.308225, -2.066714
2.244166, -2.143317
2.176725, -2.217075
2.105702, -2.287319
2.031274, -2.353883
1.953574, -2.416717
1.872854, -2.475546
1.789418, -2.530433
1.704038, -2.582355
1.617127, -2.631716
1.52876, -2.67845
1.439046, -2.722491
1.348062, -2.763796
1.255856, -2.802375
1.16253, -2.838104
1.06818, -2.871059
0.9728845, -2.901148
0.8767369, -2.928361
0.779809, -2.952716
0.6821749, -2.974187
0.5839617, -2.992609
0.4852409, -3.008083
0.3860915, -3.020584
0.2866113, -3.030152
0.1869041, -3.036633
0.08703947, -3.040109
-0.01291367, -3.040592
-0.112817, -3.038062
-0.2126369, -3.032572
-0.3122158, -3.024074
-0.4115274, -3.012647
-0.5104371, -2.9982
-0.6089069, -2.980837
-0.706762, -2.960505
-0.8039702, -2.937236
-0.9004491, -2.911064
-0.9961045, -2.882021
-1.09084, -2.850136
-1.184566, -2.815406
-1.277197, -2.777804
-1.368679, -2.73745
-1.458895, -2.694368
-1.547791, -2.648596
-1.635256, -2.600167
-1.72121, -2.549132
-1.805614, -2.495569
-1.888363, -2.439469
-1.969393, -2.380915
-2.04862, -2.319944
-2.125891, -2.256493
-2.200401, -2.189848
-2.271483, -2.119558
-2.338947, -2.045809
-2.402617, -1.968742
-2.462362, -1.888587
-2.518181, -1.805665
-2.571021, -1.720776
-2.621245, -1.634329
-2.668842, -1.546422
-2.713786, -1.457106
-2.755998, -1.366487
-2.795455, -1.274657
-2.83212, -1.181668
-2.865969, -1.087613
-2.896968, -0.9925776
-2.925091, -0.8966271
-2.950293, -0.799881
-2.972558, -0.7024283
-2.991867, -0.604345
-3.008205, -0.505717
-3.021558, -0.4066352
-3.031909, -0.3071977
-3.039237, -0.2074825
-3.04355, -0.107578
-3.044831, -0.007603732
-3.043082, 0.09237043
-3.038301, 0.1922337
-3.030486, 0.2918939
-3.019637, 0.3912685
-3.005758, 0.4902863
-2.988864, 0.5888233
-2.968962, 0.686789
-2.946065, 0.7841116
-2.920175, 0.8806816
-2.891306, 0.9764078
-2.859474, 1.071185
-2.824712, 1.164928
-2.787288, 1.257647
-2.752013, 1.339226
-2.714245, 1.425766
-2.671844, 1.516305
-2.626726, 1.605542
-2.578957, 1.693377
-2.528583, 1.77974
-2.475636, 1.864552
-2.42016, 1.947729
-2.361866, 2.028962
-2.299918, 2.10743
-2.234131, 2.182692
-2.164665, 2.254553
-2.091704, 2.322858
-2.01542, 2.387469
-1.935981, 2.448178
-1.853651, 2.50489
-1.769119, 2.55828
-1.682968, 2.609072
-1.59534, 2.657216
-1.50631, 2.70267
-1.415968, 2.745457
-1.324366, 2.785534
-1.231613, 2.822792
-1.137783, 2.857269
-1.042955, 2.888932
-0.9472044, 2.917745
-0.8506483, 2.943623
-0.7533514, 2.966655
-0.6554129, 2.986736
-0.5569246, 3.003836
-0.4579011, 3.018081
-0.3585271, 3.029332
-0.2588684, 3.037587
-0.1590101, 3.042847
-0.05904213, 3.04512
0.04093749, 3.044331
0.1408373, 3.04057
0.2406149, 3.033886
0.3401315, 3.02416
0.4393436, 3.011505
0.5381091, 2.995874
0.6363499, 2.977227
0.7339602, 2.955619
0.8308535, 2.931119
0.9269736, 2.903645
1.022257, 2.873395
1.116591, 2.840268
1.209843, 2.804279
1.302019, 2.765528
1.392973, 2.723948
1.48265, 2.679724
1.57093, 2.632791
1.657745, 2.583249
1.743066, 2.531173
1.826798, 2.476559
1.908883, 2.419497
1.989175, 2.359934
2.067624, 2.298029
2.144132, 2.23367
2.218019, 2.166338
2.288449, 2.095486
2.355247, 2.021108
2.418245, 1.943561
2.477343, 1.863049
2.532459, 1.779797
2.584346, 1.694423
2.633622, 1.607484
2.680249, 1.519096
2.724213, 1.429436
2.765471, 1.338456
2.804016, 1.246397
2.839744, 1.153168
2.872611, 1.058771
2.902636, 0.9634398
2.929833, 0.8673487
2.954123, 0.770483
2.975483, 0.6729503
2.993943, 0.5749217
3.009431, 0.4763816
3.021918, 0.3773087
3.031464, 0.2780055
3.038013, 0.1784035
3.041602, 0.07875926
3.042211, -0.020944
3.039773, -0.1207351
3.034319, -0.2204599
3.025897, -0.3199219
3.014536, -0.4189346
3.000145, -0.5177453
2.98281, -0.6160232
2.96256, -0.7136613
2.939365, -0.8106987
2.913227, -0.9070984
2.88424, -1.002596
2.852398, -1.097153
2.817701, -1.190813
2.780202, -1.283402
2.73996, -1.374738
2.697002, -1.464791
2.651347, -1.553564
2.603046, -1.64096
2.552132, -1.726866
2.498656, -1.811237
2.44267, -1.893947
2.384183, -1.975027
2.323333, -2.054252
2.259887, -2.13147
2.193088, -2.205808
2.122696, -2.276669
2.048842, -2.343905
1.971705, -2.407398
1.891482, -2.466954
1.808487, -2.522457
1.723448, -2.57478
1.636799, -2.624622
1.548685, -2.671886
1.459249, -2.716387
1.36849, -2.758209
1.276509, -2.797258
1.183395, -2.833489
1.089232, -2.866997
0.994063, -2.897678
0.8980791, -2.925432
0.8012971, -2.95027
0.7037916, -2.972238
0.605688, -2.991263
0.507049, -3.007296
0.4079809, -3.020324
0.3085586, -3.030405
0.2088869, -3.037436
0.1090679, -3.041456
0.009151769, -3.042497
-0.09074181, -3.040568
-0.1905439, -3.035578
-0.2901275, -3.027581
-0.3894875, -3.016696
-0.4884458, -3.002792
-0.5870053, -2.985952
-0.6849769, -2.966183
-0.7823513, -2.943491
-0.8789975, -2.917872
-0.9748135, -2.889334
-1.069722, -2.857972
-1.163635, -2.823755
-1.256497, -2.786725
-1.348216, -2.74695
-1.438687, -2.704404
-1.527831, -2.659156
-1.615586, -2.611269
-1.701866, -2.56073
-1.786569, -2.50761
-1.869621, -2.45195
-1.950969, -2.393852
-2.030524, -2.333343
-2.108227, -2.270476
-2.1835, -2.204689
-2.255446, -2.135336
-2.323834, -2.062429
-2.38849, -1.986204
-2.449228, -1.906779
-2.505976, -1.824492
-2.55937, -1.739947
-2.610143, -1.653802
-2.658282, -1.566185
-2.703756, -1.477164
-2.746549, -1.386783
-2.786578, -1.295195
-2.823821, -1.202453
-2.858269, -1.108616
-2.889876, -1.013773
-2.918604, -0.9180145
-2.944434, -0.8214429
-2.967328, -0.7241504
-2.987287, -0.6262028
-3.004279, -0.5276796
-3.018291, -0.4287026
-3.02931, -0.3293469
-3.037322, -0.229708
-3.042312, -0.1298697
-3.044288, -0.02992209
-3.043247, 0.07003843
-3.039181, 0.1699251
-3.032099, 0.2696511
-3.022001, 0.3691119
-3.008892, 0.4682171
-2.992788, 0.5668935
-2.973702, 0.6650215
-2.951653, 0.7625338
-2.926658, 0.8593252
-2.898731, 0.9553184
-2.867897, 1.050414
-2.834173, 1.144531
-2.797589, 1.237589
-2.758187, 1.329459
-2.715976, 1.420099
-2.671002, 1.509393
-2.623285, 1.597256
-2.572845, 1.683616
-2.519726, 1.768312
-2.463913, 1.851282
-2.405336, 1.932314
-2.375096, 1.971738
