-25.03878, 83.56738
-25.0388, 83.56738
-25.03882, 83.56738
-25.03883, 83.56738
-25.03885, 83.56738
-25.03888, 83.56738
-25.0389, 83.56738
-25.03892, 83.56738
-25.03894, 83.56738
-25.03896, 83.56738
-25.03895, 83.56738
-25.03896, 83.56738
-25.03899, 83.56739
-25.03903, 83.5674
-25.03951, 83.62669
-25.04071, 83.77305
-25.04193, 83.92004
-25.04313, 84.06702
-25.04433, 84.214
-25.04552, 84.36098
-25.04669, 84.50797
-25.04786, 84.65496
-25.04898, 84.80194
-25.0501, 84.94891
-25.0512, 85.09587
-25.0523, 85.24284
-25.05335, 85.38362
-25.05423, 85.50214
-25.05507, 85.61881
-25.05592, 85.73547
-25.05677, 85.85211
-25.05761, 85.96879
-25.05846, 86.08544
-25.05931, 86.20209
-25.06015, 86.31873
-25.06093, 86.42703
-25.06163, 86.527
-25.06232, 86.62698
-25.06303, 86.72697
-25.06373, 86.82699
-25.06444, 86.92698
-25.06515, 87.02698
-25.06584, 87.12698
-25.06656, 87.23129
-25.06742, 87.3551
-25.06829, 87.48108
-25.06916, 87.60705
-25.06999, 87.73302
-25.07084, 87.85901
-25.07166, 87.98499
-25.07249, 88.11097
-25.07334, 88.23695
-25.07414, 88.36291
-25.07493, 88.48886
-25.07564, 88.61484
-25.07637, 88.74079
-25.07709, 88.86676
-25.07789, 88.99273
-25.07862, 89.11871
-25.0794, 89.24466
-25.08018, 89.37064
-25.08097, 89.4966
-25.08176, 89.6226
-25.0825, 89.74857
-25.08321, 89.87453
-25.08391, 90.00051
-25.08458, 90.12652
-25.08529, 90.25247
-25.08595, 90.37843
-25.08659, 90.5044
-25.08722, 90.63039
-25.08785, 90.75631
-25.08846, 90.88226
-25.08906, 91.00818
-25.08966, 91.13409
-25.09021, 91.25257
-25.09034, 91.27058
-25.09039, 91.27059
-25.09043, 91.27061
-25.09047, 91.27059
-25.09051, 91.27059
-25.09055, 91.27061
-25.09059, 91.27061
-25.09063, 91.27058
-25.09066, 91.27055
-25.09071, 91.27052
-25.09074, 91.27048
-25.09078, 91.27047
-25.09081, 91.27046
-25.09084, 91.27043
-25.09087, 91.27039
-25.09088, 91.27036
-25.0909, 91.27032
-25.09092, 91.27027
-25.09093, 91.27026
-25.09093, 91.27022
-25.09093, 91.27016
-25.09092, 91.27013
-25.09076, 91.29389
-25.09085, 91.40343
-25.09044, 91.52013
-25.09005, 91.63683
-25.08958, 91.75349
-25.08923, 91.87018
-25.08886, 91.98687
-25.08848, 92.10352
-25.08807, 92.2202
-25.08771, 92.33685
-25.08735, 92.45355
-25.08699, 92.57024
-25.08657, 92.68693
-25.08612, 92.80364
-25.08574, 92.92033
-25.08543, 93.03703
-25.0851, 93.15368
-25.08496, 93.27037
-25.08484, 93.38708
-25.08468, 93.50378
-25.08503, 93.62046
-25.08542, 93.73714
-25.08582, 93.85383
-25.08622, 93.97424
-25.08666, 94.11757
-25.08714, 94.26463
-25.08759, 94.41169
-25.08803, 94.55875
-25.08843, 94.70581
-25.08882, 94.85285
-25.08923, 94.99989
-25.08959, 95.14696
-25.08991, 95.294
-25.09025, 95.44106
-25.09057, 95.58809
-25.09088, 95.73512
-25.09116, 95.88216
-25.09136, 96.02918
-25.09152, 96.17621
-25.09166, 96.32325
-25.09176, 96.47028
-25.09184, 96.61732
-25.09189, 96.76436
-25.09192, 96.9021
-25.09193, 97.01941
-25.09191, 97.13611
-25.09188, 97.25281
-25.09186, 97.36953
-25.0918, 97.48626
-25.09172, 97.60296
-25.09164, 97.71968
-25.09154, 97.8364
-25.09141, 97.95313
-25.0913, 98.06984
-25.09113, 98.18652
-25.09095, 98.30322
-25.09075, 98.41994
-25.09057, 98.53661
-25.09039, 98.65704
-25.09007, 98.80035
-25.08969, 98.94735
-25.08935, 99.09435
-25.08896, 99.24133
-25.08853, 99.38833
-25.08807, 99.53536
-25.08754, 99.68241
-25.08695, 99.82758
-25.08644, 99.95044
-25.08585, 100.0671
-25.08522, 100.1838
-25.08457, 100.3005
-25.08392, 100.4171
-25.08325, 100.5337
-25.08256, 100.6503
-25.08183, 100.767
-25.08104, 100.8836
-25.0802, 101.0002
-25.07935, 101.1168
-25.07838, 101.2333
-25.07742, 101.3499
-25.07641, 101.4665
-25.07531, 101.5832
-25.07417, 101.6997
-25.07289, 101.8199
-25.07119, 101.9631
-25.06761, 102.11
-25.06355, 102.2568
-25.05967, 102.4036
-25.05592, 102.5505
-25.05232, 102.6974
-25.04894, 102.8444
-25.0458, 102.9913
-25.043, 103.1381
-25.04056, 103.2851
-25.03873, 103.432
-25.038, 103.5789
-25.03694, 103.726
-25.0358, 103.8729
-25.03465, 104.0198
-25.03357, 104.1575
-25.03263, 104.2748
-25.03172, 104.3914
-25.03087, 104.508
-25.03001, 104.6246
-25.02912, 104.7413
-25.02826, 104.8579
-25.02739, 104.9746
-25.02651, 105.0912
-25.02564, 105.2078
-25.02481, 105.3244
-25.02395, 105.4411
-25.02312, 105.5577
-25.02231, 105.6744
-25.02284, 105.7929
-25.02416, 105.9337
-25.02554, 106.0806
-25.02693, 106.2276
-25.02828, 106.3745
-25.02964, 106.5214
-25.03099, 106.6684
-25.03233, 106.8154
-25.03364, 106.9623
-25.03497, 107.1093
-25.03632, 107.2563
-25.0376, 107.4033
-25.0388, 107.5502
-25.04002, 107.6972
-25.04122, 107.8442
-25.04251, 107.9911
-25.04375, 108.1381
-25.04501, 108.285
-25.04626, 108.4319
-25.04756, 108.5789
-25.04886, 108.7258
-25.05011, 108.8727
-25.0513, 109.0196
-25.05245, 109.1665
-25.05367, 109.3134
-25.05465, 109.4303
-25.0547, 109.4393
-25.05469, 109.4393
-25.05467, 109.4393
-25.05464, 109.4393
-25.05462, 109.4392
-25.0546, 109.4393
-25.05458, 109.4393
-25.05455, 109.4393
-25.05454, 109.4393
-25.05452, 109.4393
-25.0545, 109.4393
-25.05449, 109.4393
-25.05446, 109.4393
-25.05445, 109.4393
-25.05445, 109.4393
-25.05446, 109.4393
-25.05445, 109.4393
-25.05445, 109.4393
-25.05446, 109.4393
-25.05446, 109.4393
-25.05443, 109.4417
-25.05406, 109.5227
-25.05339, 109.6394
-25.05252, 109.756
-25.05179, 109.8726
-25.05108, 109.9893
-25.05032, 110.1059
-25.04952, 110.2225
-25.04888, 110.3392
-25.04817, 110.4559
-25.0475, 110.5725
-25.04683, 110.6891
-25.04621, 110.8058
-25.04562, 110.9224
-25.04508, 111.039
-25.04455, 111.1557
-25.04397, 111.2723
-25.04327, 111.3889
-25.0421, 111.5148
-25.04071, 111.6611
-25.03939, 111.808
-25.03815, 111.955
-25.03686, 112.1019
-25.03559, 112.2488
-25.03433, 112.3958
-25.03309, 112.5427
-25.03189, 112.6896
-25.03069, 112.8365
-25.02956, 112.9835
-25.02843, 113.1304
-25.02735, 113.2773
-25.02624, 113.4242
-25.02512, 113.571
-25.02408, 113.7179
-25.02304, 113.8648
-25.02201, 114.0117
-25.02106, 114.1548
-25.0203, 114.2751
-25.01957, 114.3916
-25.01883, 114.5083
-25.01811, 114.6248
-25.01743, 114.7414
-25.01674, 114.858
-25.01607, 114.9746
-25.01544, 115.0912
-25.01481, 115.2078
-25.01423, 115.3244
-25.01364, 115.441
-25.01306, 115.5576
-25.01251, 115.6742
-25.01198, 115.7908
-25.01147, 115.9075
-25.01096, 116.0241
-25.01047, 116.1407
-25.01043, 116.2573
-25.01182, 116.3739
-25.01328, 116.4923
-25.01505, 116.633
-25.0168, 116.7799
-25.01857, 116.9269
-25.02026, 117.0738
-25.02193, 117.2207
-25.02359, 117.3676
-25.02521, 117.5145
-25.02679, 117.6615
-25.02835, 117.8083
-25.02985, 117.9552
-25.0313, 118.1021
-25.03275, 118.2489
-25.03415, 118.3958
-25.03551, 118.5426
-25.03682, 118.6895
-25.03807, 118.8365
-25.0393, 118.9834
-25.04046, 119.1302
-25.04155, 119.277
-25.04264, 119.4239
-25.04369, 119.5707
-25.04469, 119.7177
-25.04567, 119.8646
-25.04655, 120.0115
-25.04736, 120.1584
-25.04817, 120.3053
-25.04886, 120.4523
-25.04952, 120.5992
-25.05016, 120.7462
-25.05072, 120.8932
-25.05124, 121.0402
-25.05164, 121.1872
-25.052, 121.3342
-25.05224, 121.4812
-25.05235, 121.6282
-25.05237, 121.7752
-25.05239, 121.9222
-25.05225, 122.0691
-25.052, 122.2162
-25.05165, 122.3632
-25.05115, 122.5102
-25.05053, 122.6573
-25.04974, 122.8043
-25.04889, 122.942
-25.04789, 123.0593
-25.04665, 123.1759
-25.04515, 123.2926
-25.04321, 123.4092
-25.04099, 123.5187
-25.04138, 123.6259
-25.04231, 123.7426
-25.04324, 123.8592
-25.0442, 123.9759
-25.0451, 124.0926
-25.04601, 124.2093
-25.04692, 124.3259
-25.04782, 124.4426
-25.04872, 124.5592
-25.04962, 124.6759
-25.05051, 124.7926
-25.05138, 124.9092
-25.05226, 125.0259
-25.05313, 125.1425
-25.05399, 125.2592
-25.05491, 125.382
-25.05597, 125.5271
-25.05704, 125.6741
-25.0581, 125.8211
-25.05914, 125.968
-25.06018, 126.115
-25.06122, 126.262
-25.06225, 126.4089
-25.06327, 126.5559
-25.0643, 126.7028
-25.06532, 126.8498
-25.06632, 126.9968
-25.06732, 127.1437
-25.06827, 127.2907
-25.06923, 127.4377
-25.0702, 127.5847
-25.07114, 127.7316
-25.07207, 127.8786
-25.073, 128.0256
-25.07389, 128.1725
-25.07478, 128.3195
-25.07567, 128.4664
-25.0765, 128.6041
-25.07721, 128.7214
-25.07789, 128.838
-25.0786, 128.9546
-25.07931, 129.0713
-25.07998, 129.1879
-25.08068, 129.3046
-25.08136, 129.4212
-25.08204, 129.5378
-25.08269, 129.6544
-25.08331, 129.771
-25.08389, 129.8876
-25.08447, 130.0042
-25.08507, 130.1209
-25.08567, 130.2375
-25.08626, 130.3541
-25.08686, 130.4707
-25.08745, 130.5873
-25.08804, 130.7039
-25.08864, 130.8205
-25.08925, 130.9371
-25.08984, 131.0668
-25.09054, 131.2137
-25.09119, 131.3606
-25.0918, 131.5075
-25.09243, 131.6544
-25.09304, 131.8014
-25.09364, 131.9482
-25.09424, 132.0951
-25.09482, 132.2419
-25.09534, 132.3887
-25.09584, 132.5355
-25.09632, 132.6824
-25.09678, 132.8293
-25.09722, 132.9762
-25.09763, 133.1231
-25.09803, 133.27
-25.09842, 133.4169
-25.09879, 133.5638
-25.09913, 133.7107
-25.09944, 133.8575
-25.09973, 134.0025
-25.09991, 134.1252
-25.10011, 134.2419
-25.10032, 134.3584
-25.10051, 134.475
-25.10066, 134.6089
-25.10082, 134.7558
-25.10096, 134.9026
-25.10103, 135.0495
-25.10111, 135.1964
-25.10122, 135.3434
-25.10127, 135.4903
-25.10126, 135.6372
-25.10126, 135.7841
-25.1012, 135.931
-25.10118, 136.078
-25.10117, 136.225
-25.10102, 136.3719
-25.10087, 136.5189
-25.10063, 136.6658
-25.10044, 136.8128
-25.10025, 136.9598
-25.10003, 137.1068
-25.09978, 137.2531
-25.09958, 137.379
-25.09929, 137.4956
-25.09901, 137.6123
-25.09875, 137.7289
-25.09845, 137.8455
-25.09813, 137.9621
-25.09782, 138.0788
-25.09749, 138.1954
-25.09715, 138.3121
-25.0968, 138.4287
-25.0964, 138.5453
-25.09597, 138.662
-25.09552, 138.7787
-25.09507, 138.8953
-25.09459, 139.0119
-25.0941, 139.1286
-25.09357, 139.2452
-25.09306, 139.3618
-25.09255, 139.4785
-25.09202, 139.5951
-25.09143, 139.7124
-25.09072, 139.85
-25.0899, 139.997
-25.08903, 140.144
-25.08808, 140.291
-25.08706, 140.4379
-25.08598, 140.5849
-25.08482, 140.7319
-25.08366, 140.8788
-25.08245, 141.0258
-25.08113, 141.1727
-25.07971, 141.3197
-25.07821, 141.4667
-25.07667, 141.6137
-25.07505, 141.7606
-25.0733, 141.9076
-25.07143, 142.0546
-25.06946, 142.2016
-25.06737, 142.3485
-25.06512, 142.4955
-25.06267, 142.6425
-25.06004, 142.7895
-25.05747, 142.9235
-25.05503, 143.0401
-25.05236, 143.1567
-25.04939, 143.2733
-25.04598, 143.39
-25.0422, 143.5018
-25.04175, 143.6065
-25.04271, 143.7231
-25.04373, 143.8398
-25.04474, 143.9564
-25.04572, 144.073
-25.04676, 144.1896
-25.04775, 144.3062
-25.04874, 144.4228
-25.04968, 144.5394
-25.05067, 144.6561
-25.05169, 144.7727
-25.0522, 144.8893
-25.05303, 145.006
-25.05396, 145.1226
-25.05489, 145.2411
-25.056, 145.3818
-25.05719, 145.5287
-25.05834, 145.6755
-25.05951, 145.8224
-25.06066, 145.9693
-25.06177, 146.1161
-25.06287, 146.263
-25.06388, 146.4099
-25.06491, 146.5569
-25.06598, 146.7037
-25.06702, 146.8505
-25.06803, 146.9974
-25.06901, 147.1442
-25.06998, 147.291
-25.07093, 147.4379
-25.07185, 147.5847
-25.07277, 147.7317
-25.07369, 147.8785
-25.07458, 148.0254
-25.07545, 148.1722
-25.0763, 148.3191
-25.07712, 148.466
-25.07792, 148.6129
-25.0787, 148.7598
-25.07947, 148.9066
-25.0802, 149.0535
-25.08093, 149.2004
-25.0816, 149.3368
-25.0822, 149.4628
-25.0828, 149.5887
-25.08334, 149.7146
-25.0839, 149.8406
-25.08449, 149.9665
-25.08505, 150.0925
-25.0856, 150.2184
-25.08615, 150.3444
-25.08668, 150.4704
-25.08719, 150.5964
-25.08764, 150.7223
-25.08809, 150.8483
-25.08859, 150.9743
-25.08901, 151.1002
-25.08947, 151.2261
-25.08993, 151.3521
-25.09035, 151.478
-25.09078, 151.604
-25.09126, 151.73
-25.09174, 151.8559
-25.09212, 151.9746
-25.09241, 152.0753
-25.09273, 152.1752
-25.09305, 152.2752
-25.09336, 152.3752
-25.09366, 152.4751
-25.09395, 152.5751
-25.09425, 152.675
-25.09453, 152.775
-25.09479, 152.875
-25.09507, 152.9749
-25.09534, 153.0749
-25.09562, 153.1749
-25.09587, 153.2749
-25.09614, 153.3748
-25.0964, 153.4748
-25.09666, 153.5748
-25.09689, 153.6748
-25.09711, 153.7747
-25.09734, 153.8747
-25.09755, 153.9747
-25.09774, 154.0746
-25.09794, 154.1746
-25.09808, 154.2746
-25.09707, 154.3746
-25.09559, 154.4745
-25.09402, 154.5817
-25.09219, 154.707
-25.09036, 154.833
-25.08854, 154.959
-25.08676, 155.0849
-25.08498, 155.2109
-25.08323, 155.3369
-25.08148, 155.4629
-25.07974, 155.5889
-25.07805, 155.715
-25.07634, 155.8409
-25.07466, 155.9669
-25.07301, 156.0929
-25.07135, 156.2189
-25.06967, 156.3449
-25.06806, 156.4709
-25.06648, 156.5961
-25.06515, 156.7034
-25.06389, 156.8034
-25.06273, 156.9034
-25.06161, 157.0033
-25.06042, 157.1033
-25.05926, 157.2033
-25.05807, 157.3033
-25.05685, 157.4032
-25.05569, 157.5032
-25.05452, 157.6032
-25.05335, 157.7032
-25.05221, 157.8031
-25.05113, 157.9031
-25.05, 158.0031
-25.0489, 158.1031
-25.04785, 158.203
-25.0468, 158.303
-25.04579, 158.403
-25.04474, 158.5073
-25.04346, 158.631
-25.04224, 158.7569
-25.04102, 158.8828
-25.0398, 159.0087
-25.03864, 159.1346
-25.03757, 159.2605
-25.03651, 159.3863
-25.03548, 159.5123
-25.03452, 159.6382
-25.03355, 159.764
-25.03263, 159.8899
-25.03176, 160.0158
-25.03094, 160.1416
-25.03017, 160.2675
-25.02944, 160.3934
-25.02876, 160.5193
-25.02814, 160.6452
-25.02756, 160.7711
-25.02702, 160.897
-25.02652, 161.0228
-25.02609, 161.1487
-25.02574, 161.2711
-25.02563, 161.306
-25.02562, 161.306
-25.02561, 161.306
-25.02562, 161.3061
-25.02563, 161.306
-25.02564, 161.306
-25.02566, 161.306
-25.02565, 161.3061
-25.02565, 161.3061
-25.02566, 161.3061
-25.02566, 161.3061
-25.02566, 161.3061
-25.02567, 161.3061
-25.02567, 161.306
-25.02567, 161.3061
-25.02566, 161.3061
-25.02567, 161.3061
-25.02567, 161.3061
-25.02567, 161.3061
-25.02567, 161.3061
-25.02566, 161.3061
-25.02567, 161.3061
-25.02593, 161.3477
-25.02694, 161.4477
-25.0279, 161.5477
-25.02898, 161.6477
-25.02989, 161.7477
-25.03078, 161.8476
-25.03177, 161.9476
-25.03256, 162.0476
-25.03331, 162.1475
-25.03403, 162.2475
-25.03475, 162.3475
-25.03523, 162.4474
-25.03582, 162.5474
-25.03625, 162.6474
-25.03652, 162.7474
-25.0368, 162.8474
-25.03685, 162.9473
-25.03681, 163.0473
-25.03671, 163.1473
-25.03645, 163.2473
-25.03642, 163.3472
-25.0368, 163.4472
-25.03748, 163.5494
-25.03663, 163.671
-25.03556, 163.797
-25.03449, 163.923
-25.03343, 164.0489
-25.03237, 164.1749
-25.03134, 164.3009
-25.03036, 164.4269
-25.0294, 164.5528
-25.02843, 164.6788
-25.02749, 164.8048
-25.02654, 164.9308
-25.0256, 165.056
-25.02479, 165.1632
-25.02406, 165.2632
-25.02332, 165.3632
-25.0226, 165.4632
-25.02189, 165.5632
-25.02112, 165.6704
-25.02021, 165.7957
-25.01962, 165.9217
-25.02056, 166.0477
-25.02171, 166.1736
-25.02287, 166.2996
-25.02402, 166.4256
-25.02516, 166.5515
-25.02629, 166.6775
-25.02745, 166.8035
-25.02858, 166.9295
-25.02972, 167.0554
-25.03084, 167.1814
-25.03197, 167.3074
-25.03309, 167.4334
-25.03421, 167.5593
-25.03532, 167.6853
-25.03642, 167.8113
-25.03752, 167.9373
-25.03861, 168.0632
-25.0397, 168.1892
-25.04078, 168.3152
-25.04186, 168.4412
-25.04293, 168.5672
-25.04386, 168.678
-25.04468, 168.778
-25.04547, 168.8779
-25.04622, 168.978
-25.04696, 169.078
-25.04771, 169.178
-25.04847, 169.278
-25.04922, 169.378
-25.04996, 169.478
-25.05069, 169.5779
-25.05142, 169.6786
-25.05228, 169.7974
-25.05321, 169.9234
-25.05414, 170.0494
-25.05504, 170.1754
-25.05593, 170.3014
-25.0568, 170.4274
-25.05768, 170.5534
-25.05857, 170.6794
-25.05948, 170.8053
-25.06038, 170.9313
-25.06126, 171.0573
-25.0621, 171.1833
-25.06298, 171.3092
-25.06386, 171.4352
-25.06467, 171.5613
-25.06548, 171.6872
-25.0663, 171.8132
-25.06709, 171.9392
-25.06782, 172.0651
-25.0686, 172.1911
-25.06942, 172.317
-25.07021, 172.4429
-25.07098, 172.5689
-25.0717, 172.6948
-25.07239, 172.8208
-25.07311, 172.9468
-25.07386, 173.0726
-25.07457, 173.1985
-25.07525, 173.3244
-25.07588, 173.4503
-25.07649, 173.5762
-25.07704, 173.7021
-25.07617, 173.828
-25.07468, 173.9539
-25.07321, 174.0798
-25.07175, 174.2057
-25.0703, 174.3316
-25.06887, 174.4575
-25.06748, 174.5835
-25.06614, 174.7095
-25.06479, 174.8354
-25.06338, 174.9614
-25.06203, 175.0873
-25.06074, 175.2133
-25.05945, 175.3393
-25.05805, 175.4653
-25.05669, 175.5912
-25.05543, 175.7129
-25.05439, 175.8151
-25.0534, 175.9151
-25.0524, 176.0151
-25.05139, 176.115
-25.05114, 176.215
-25.05186, 176.3149
-25.05255, 176.4149
-25.05322, 176.5149
-25.05392, 176.6149
-25.05459, 176.7148
-25.05524, 176.8148
-25.05592, 176.9148
-25.05654, 177.0148
-25.05714, 177.1147
-25.05778, 177.2146
-25.05844, 177.3145
-25.059, 177.4145
-25.05959, 177.5144
-25.06015, 177.6143
-25.06066, 177.7142
-25.06119, 177.8142
-25.06167, 177.9141
-25.06212, 178.014
-25.06256, 178.1139
-25.06302, 178.2138
-25.06343, 178.3137
-25.06382, 178.4137
-25.06423, 178.5135
-25.06461, 178.6134
-25.06494, 178.7133
-25.06528, 178.8132
-25.06556, 178.9131
-25.06582, 179.0131
-25.06608, 179.113
-25.06632, 179.2129
-25.06654, 179.3129
-25.06671, 179.4128
-25.06687, 179.5127
-25.06699, 179.6126
-25.06709, 179.7125
-25.06717, 179.8124
-25.06725, 179.9123
-25.06728, 180.0123
-25.0673, 180.1122
-25.06728, 180.2121
-25.06724, 180.312
-25.06717, 180.4119
-25.06706, 180.5118
-25.06692, 180.6117
-25.06676, 180.7115
-25.0666, 180.8114
-25.06638, 180.9114
-25.0661, 181.0112
-25.0658, 181.1112
-25.06549, 181.2111
-25.06499, 181.3111
-25.06323, 181.411
-25.06124, 181.5109
-25.05926, 181.6109
-25.05786, 181.7108
-25.05642, 181.8108
-25.05532, 181.9107
-25.05422, 182.0106
-25.05328, 182.1105
-25.05245, 182.2104
-25.05157, 182.3103
-25.05072, 182.4102
-25.05011, 182.5101
-25.04938, 182.61
-25.04898, 182.7099
-25.04852, 182.8099
-25.04803, 182.9099
-25.04738, 183.0098
-25.04659, 183.1098
-25.0456, 183.2098
-25.04436, 183.3098
-25.04281, 183.4097
-25.04077, 183.5097
-25.03904, 183.5647
-25.03891, 183.5674
-25.0389, 183.5675
-25.03891, 183.5675
-25.0389, 183.5675
-25.0389, 183.5675
-25.0389, 183.5675
-25.0389, 183.5675
-25.03889, 183.5675
-25.0389, 183.5676
-25.03888, 183.5676
-25.03887, 183.5676
-25.03885, 183.5676
-25.03884, 183.5676
-25.03882, 183.5676
-25.03878, 183.5675
-25.03877, 183.5674
-25.03877, 183.5674
-25.03877, 183.5674
-25.03877, 183.5674
-25.03877, 183.5674
-25.03877, 183.5674
-25.03877, 183.5674
-25.03877, 183.5674
-25.03877, 183.5674
-25.03877, 183.5674
-25.03877, 183.5674
-25.03877, 183.5674
-25.03877, 183.5674
-25.03877, 183.5674
-25.03877, 183.5674
-25.03877, 183.5674
-25.03877, 183.5674
-25.03877, 183.5674
-25.03877, 183.5674
-25.03877, 183.5674
-25.03877, 183.5674
-25.03877, 183.5674
-25.03877, 183.5674
-25.03877, 183.5674
-25.03877, 183.5674
-25.03877, 183.5674
-25.03877, 183.5674
-25.03877, 183.5674
-25.03877, 183.5674
-25.03877, 183.5674
-25.03877, 183.5674
-25.03877, 183.5674
-25.03877, 183.5674
-25.03877, 183.5674
-25.03877, 183.5674
-25.03877, 183.5674
-25.03877, 183.5674
-25.03877, 183.5674
-25.03877, 183.5674
-25.03877, 183.5674
-25.03877, 183.5674
-25.03877, 183.5674
-25.03877, 183.5674
-25.03877, 183.5674
-25.03877, 183.5674
-25.03877, 183.5674
-25.03877, 183.5674
-25.03877, 183.5674
-25.03877, 183.5674
-25.03877, 183.5674
-25.03877, 183.5674
-25.03877, 183.5674
-25.03877, 183.5674
-25.03877, 183.5674
-25.03877, 183.5674
-25.03877, 183.5674
-25.03877, 183.5674
-25.03877, 183.5674
-25.03877, 183.5674
-25.03877, 183.5674
-25.03877, 183.5674
-25.03877, 183.5674
-25.03877, 183.5674
-25.03877, 183.5674
-25.03877, 183.5674
-25.03877, 183.5674
-25.03877, 183.5674
-25.03877, 183.5674
-25.03877, 183.5674
-25.03877, 183.5674
-25.03877, 183.5674
-25.03877, 183.5674
-25.03877, 183.5674
-25.03877, 183.5674
-25.03877, 183.5674
-25.03877, 183.5674
-25.03877, 183.5674
-25.03877, 183.5674
-25.03877, 183.5674
-25.03877, 183.5674
-25.03877, 183.5674
-25.03877, 183.5674
-25.03877, 183.5674
-25.03877, 183.5674
-25.03877, 183.5674
-25.03877, 183.5674
-25.03877, 183.5674
-25.03877, 183.5674
-25.03877, 183.5674
-25.03877, 183.5674
-25.03877, 183.5674
-25.03877, 183.5674
-25.03877, 183.5674
-25.03877, 183.5674
-25.03877, 183.5674
